<?xml version="1.0" encoding="utf-8"?>
<people>
  <person>
    <id>1</id>
    <first_name>Husain</first_name>
    <last_name>Zeale</last_name>
    <email>hzeale0@odnoklassniki.ru</email>
    <gender>Male</gender>
    <ip>143.237.191.245</ip>
    </person>

    <person>
    <id>2</id>
    <first_name>Michale</first_name>
    <last_name>Delgado</last_name>
    <email>mdelgado1@paginegialle.it</email>
    <gender>Male</gender>
    <ip>144.2.126.19</ip>
    </person>

    <person>
    <id>3</id>
    <first_name>Gaspard</first_name>
    <last_name>Upwood</last_name>
    <email>gupwood2@fastcompany.com</email>
    <gender>Male</gender>
    <ip>147.85.27.165</ip>
    </person>

    <person>
    <id>4</id>
    <first_name>Gussy</first_name>
    <last_name>Dowzell</last_name>
    <email>gdowzell3@ox.ac.uk</email>
    <gender>Male</gender>
    <ip>22.201.167.239</ip>
    </person>

    <person>
    <id>5</id>
    <first_name>Alida</first_name>
    <last_name>Macias</last_name>
    <email>amacias4@slate.com</email>
    <gender>Female</gender>
    <ip>166.62.41.24</ip>
    </person>

    <person>
    <id>6</id>
    <first_name>Tess</first_name>
    <last_name>Sainte Paul</last_name>
    <email>tsaintepaul5@xinhuanet.com</email>
    <gender>Female</gender>
    <ip>58.80.74.111</ip>
    </person>
</people>
