<?xml version="1.0" encoding="UTF-8" standalone="yes" ?>
<list:employeeList xmlns:list="urn:corp:list" xmlns:emp="urn:corp:emp" xmlns:dep="urn:corp:dep">
<!--Buradaki corp ne anlama geliyor-->
<!--default tanımlama yaptığımızda nasıl anlaşılacak namelerin karışmayacağı-->

  <list:personList>
    <emp:empID>E0000001</emp:empID>
    <dep:name>Sales</dep:name>
    <emp:name>John Smith</emp:name>
  </list:personList>
  <list:personList>
    <emp:empID>E0000002</emp:empID>
    <dep:name>Development</dep:name>
    <emp:name>Ichiro Tanaka</emp:name>
  </list:personList>
  <list:personList>
    <emp:empID>E0000003</emp:empID>
    <dep:name>Development</dep:name>
    <emp:name>Jiro Suzuki</emp:name>
  </list:personList>
  <list:personList>
    <emp:empID>E0000004</emp:empID>
    <dep:name>Administrative</dep:name>
    <emp:name>Saburo Takahashi</emp:name>
  </list:personList>
</list:employeeList>

