<?xml version="1.0" encoding="utf-8"?>
<?xml-stylesheet type="text/xsl" href="cars_for_sale.xsl"?>
<!DOCTYPE cars_for_sale
[
    <!ELEMENT cars_for_sale (car+)>

    <!ELEMENT car (brand, model, year, price, type, transmission?, image)>
    <!ATTLIST car id CDATA #REQUIRED>

    <!ELEMENT brand (#PCDATA)>
    <!ELEMENT model (#PCDATA)>
	<!ELEMENT year (#PCDATA)>
	<!ELEMENT price (#PCDATA)>

    <!ELEMENT type (body?, fuel?)>
    <!ELEMENT body (#PCDATA)>
	<!ELEMENT fuel (#PCDATA)>

	<!ELEMENT transmission (#PCDATA)>
    <!ELEMENT image (#PCDATA)>

]>

<cars_for_sale>
   
        <car id="11102007">
            <brand>Mercedez</brand>
            <model>E350</model>
            <year>2007</year>
            <price>CAD 7,500</price>
            <type>
                <body>Sedan</body>
                <fuel>Gasoline</fuel>
            </type>
            <transmission>Automatic</transmission>
            <image>1.png</image>
        </car>
        
        <car id="12242011">
            <brand>Mercedez</brand>
            <model>GLK Class</model>
            <year>2011</year>
            <price>CAD 10,250</price>
            <type>
                <body>SUV, Crossover</body>
                <fuel>Gasoline</fuel>
            </type>
            <transmission>Automatic</transmission>
            <image>4.png</image>
        </car>
   
        <car id="10051995">
            <brand>Toyota</brand>
            <model>MR-2 GT-S</model>
            <year>1995</year>
            <price>CAD 25,000</price>
            <type>
                <body>-</body>
                <fuel>Gasoline</fuel>
            </type>
            <transmission>Manual</transmission>
            <image>2.png</image>
        </car>
    
         
        <car id="09182017">
            <brand>Jaguar</brand>
            <model>XE 35t Prestige</model>
            <year>2017</year>
            <price>CAD 28,900</price>
            <type>
                <body>Sedan</body>
                <fuel>Gasoline</fuel>
            </type>
            <transmission>Automatic</transmission>
            <image>3.png</image>
        </car>
       
        <car id="08282008">
            <brand>Honda</brand>
            <model>Accord EX-L</model>
            <year>2008</year>
            <price>CAD 5,500</price>
            <type>
                <body>-</body>
                <fuel>Gasoline</fuel>
            </type>
            <transmission>Automatic</transmission>
            <image>5.png</image>
        </car>

        <car id="09172012">
            <brand>Honda</brand>
            <model>Civic Si</model>
            <year>2012</year>
            <price>CAD 7,000</price>
            <type>
                <body>Sedan</body>
                <fuel>Gasoline</fuel>
            </type>
            <transmission>Manual</transmission>
            <image>14.png</image>
        </car>

        <car id="07172015">
            <brand>Honda</brand>
            <model>CR-V</model>
            <year>2015</year>
            <price>CAD 27,000</price>
            <type>
                <body>SUV, Crossover</body>
                <fuel>Gasoline</fuel>
            </type>
            <transmission>Automatic</transmission>
            <image>15.png</image>
        </car>
    
           
        <car id="03252006">
            <brand>Jeep</brand>
            <model>Liberty Sport</model>
            <year>2006</year>
            <price>CAD 3,200</price>
            <type>
                <body>SUV, Crossover</body>
                <fuel>Gasoline</fuel>
            </type>
            <transmission>Automatic</transmission>
            <image>6.png</image>
        </car>

        <car id="01142008">
            <brand>Jeep</brand>
            <model>Wrangler Sahara</model>
            <year>2008</year>
            <price>CAD 13,900</price>
            <type>
                <body>SUV, Crossover</body>
                <fuel>Gasoline</fuel>
            </type>
            <transmission>Manual</transmission>
            <image>7.png</image>
        </car>
    
            
        <car id="11092010">
            <brand>BMW</brand>
            <model>528i xDrive</model>
            <year>2010</year>
            <price>CAD 9,000</price>
            <type>
                <body>Sedan</body>
                <fuel>Gasoline</fuel>
            </type>
            <transmission>Automatic</transmission>
            <image>8.png</image>
        </car>

        <car id="10282018">
            <brand>BMW</brand>
            <model>340i xDrive</model>
            <year>2018</year>
            <price>CAD 41,999</price>
            <type>
                <body>Sedan</body>
                <fuel>Gasoline</fuel>
            </type>
            <transmission>Automatic</transmission>
            <image>19.png</image>
        </car>
    
         
        <car id="03202009">
            <brand>Chevrolet</brand>
            <model>Impala SS</model>
            <year>2009</year>
            <price>CAD 3,000</price>
            <type>
                <body>Sedan</body>
                <fuel>Gasoline</fuel>
            </type>
            <transmission>Automatic</transmission>
            <image>9.png</image>
        </car>

        <car id="09212015">
            <brand>Chevrolet</brand>
            <model>Cruze</model>
            <year>2015</year>
            <price>CAD 9,000</price>
            <type>
                <body>Sedan</body>
                <fuel>Gasoline</fuel>
            </type>
            <transmission>Automatic</transmission>
            <image>18.png</image>
        </car>
    

  
        <car id="07292015">
            <brand>Kia</brand>
            <model>Soul</model>
            <year>2015</year>
            <price>CAD 14,000</price>
            <type>
                <body>SUV, Crossover</body>
                <fuel>-</fuel>
            </type>
            <transmission>-</transmission>
            <image>10.png</image>
        </car>
   
     
        <car id="0323013">
            <brand>Volkswagen</brand>
            <model>Golf TDI</model>
            <year>2013</year>
            <price>CAD 7,500</price>
            <type>
                <body>Hatchback</body>
                <fuel>Gasoline</fuel>
            </type>
            <transmission>Manual</transmission>
            <image>11.png</image>
        </car>

        <car id="04152006">
            <brand>Volkswagen</brand>
            <model>Beetle Convertible</model>
            <year>2006</year>
            <price>CAD 10,000</price>
            <type>
                <body>-</body>
                <fuel>Gasoline</fuel>
            </type>
            <transmission>Manual</transmission>
            <image>12.png</image>
        </car>
    

    
        <car id="12211995">
            <brand>Mazda</brand>
            <model>Miata MX5</model>
            <year>1995</year>
            <price>CAD 18,500</price>
            <type>
                <body>-</body>
                <fuel>Gasoline</fuel>
            </type>
            <transmission>Manual</transmission>
            <image>13.png</image>
        </car>
    

    
        <car id="03242006">
            <brand>Audi</brand>
            <model>A4 2.0T</model>
            <year>2006</year>
            <price>CAD 3,500</price>
             <type>
                <body>Other</body>
                <fuel>-</fuel>
            </type>
            <transmission>-</transmission>
            <image>16.png</image>
        </car>
   

    
        <car id="03252012">
            <brand>Ford</brand>
            <model>Escape</model>
            <year>2012</year>
            <price>CAD 6,950</price>
            <type>
                <body>SUV, Crossover</body>
                <fuel>-</fuel>
            </type>
            <transmission>Automatic</transmission>
            <image>17.png</image>
        </car>
        
        <car id="12251978">
             <brand>Ford</brand>
            <model>F150</model>
            <year>1978</year>
            <price>CAD 9,000</price>
            <type>
                <body>Pickup Truck</body>
                <fuel>Gasoline</fuel>
            </type>
             <transmission>-</transmission>
            <image>20.png</image>
        </car>
    
</cars_for_sale>