<?xml version="1.0" encoding="UTF-8" ?>
<!-- this is dtd code -->
<!DOCTYPE books
[
    <!ELEMENT books (book+)>
    <!ELEMENT book (author+, category, price, title, year)>
    <!ELEMENT author (name*)>
    <!ELEMENT name (#PCDATA)>
    <!ELEMENT category (#PCDATA)>
    <!ELEMENT price (#PCDATA)>
    <!ELEMENT title (#PCDATA)>
    <!ELEMENT year (#PCDATA)>
]>
<books>
    <book>
        <author>
            <name>Giada De Laurentiis</name>
        </author>
        <category>cooking</category>
        <price>30.0</price>
        <title>Everyday Italian</title>
        <year>2005</year>
    </book>
    <book>
        <author>
            <name>J K. Rowling</name>
        </author>
        <category>children</category>
        <price>29.99</price>
        <title>Harry Potter</title>
        <year>2005</year>
    </book>
    <book>
        <author>
            <name>James McGovern</name>
            <name>Per Bothner</name>
            <name>Kurt Cagle</name>
            <name>James Linn</name>
            <name>Vaidyanathan Nagarajan</name>
        </author>
        <category>web</category>
        <price>49.99</price>
        <title>XQuery Kick Start</title>
        <year>2003</year>
    </book>
    <book>
        <author>
            <name>Erik T. Ray</name>
        </author>
        <category>web</category>
        <price>39.95</price>
        <title>Learning XML</title>
        <year>2005</year>
    </book>
</books>