<?xml version="1.0" encoding="UTF-8" ?>
<!DOCTYPE automotive[
    <!ELEMENT automotive(showRoom+)>
    <!ELEMENT showRoom(showId, showName, street, city, region?, country, carModels, cars)*>
    <!ELEMENT showId (#PCDATA)>
    <!ELEMENT showName (#PCDATA)>
    <!ELEMENT street (#PCDATA)>
    <!ELEMENT city (#PCDATA)>
    <!ELEMENT region (#PCDATA)>
    <!ELEMENT country (#PCDATA)>
    <!ELEMENT carModels (carModel+)>
    <!ELEMENT carModel (carId, carName, year, usdPrice, cadPrice, euroPrice, poundPrice)*>
    <!ELEMENT carId (#PCDATA)>
    <!ELEMENT carName (#PCDATA)>
    <!ELEMENT year (#PCDATA)>
    <!ELEMENT usdPrice (#PCDATA)>
    <!ELEMENT cadPrice (#PCDATA)>
    <!ELEMENT euroPrice (#PCDATA)>
    <!ELEMENT poundPrice (#PCDATA)>
    <!ELEMENT cars (car+)>
    <!ELEMENT car (vin, color, buyer)*>
    <!ELEMENT vin (#PCDATA)>
    <!ELEMENT color (#PCDATA)>
    <!ELEMENT buyer (#PCDATA)>
]>
<?xml-stylesheet type="text/xsl" href="project.xsl"?>
<automotive>
    <showRoom>
        <showId>081df6a8-09fa-40aa-bc00-27ab14a9f216</showId>
        <showName>Chevrolet</showName>
        <street>4659 American Lane</street>
        <city>Montaigu</city>
        <region>Pays de la Loire</region>
        <country>France</country>
        <carModels>
            <carModel>
                <carId>9facefb2-503f-4a21-96e3-272fffadf5ed</carId>
                <carName>MPV</carName>
                <year>2000</year>
                <usdPrice>$35852.42</usdPrice>
                <cadPrice>$40615.71</cadPrice>
                <euroPrice>&#8364;33338,73</euroPrice>
                <poundPrice>&#163;92221.34</poundPrice>
            </carModel>
            <carModel>
                <carId>bcb685e0-8315-4015-91e4-44257b7d1e91</carId>
                <carName>Camry</carName>
                <year>2003</year>
                <usdPrice>$39688.38</usdPrice>
                <cadPrice>$76556.45</cadPrice>
                <euroPrice>&#8364;99534,56</euroPrice>
                <poundPrice>&#163;76670.26</poundPrice>
            </carModel>
            <carModel>
                <carId>6b222199-1992-4168-98cc-77a194072be6</carId>
                <carName>M</carName>
                <year>2011</year>
                <usdPrice>$74122.16</usdPrice>
                <cadPrice>$98345.04</cadPrice>
                <euroPrice>&#8364;47275,87</euroPrice>
                <poundPrice>&#163;60432.34</poundPrice>
            </carModel>
        </carModels>
        <cars>
            <car>
                <vin>JTDKN3DU8F0938961</vin>
                <color>Violet</color>
                <buyer>rmissenden1x@cbslocal.com</buyer>
            </car>
            <car>
                <vin>WP0CA2A84FS421937</vin>
                <color>Aquamarine</color>
                <buyer>hhazeldene1y@admin.ch</buyer>
            </car>
            <car>
                <vin>WAUEF98E37A023346</vin>
                <color>Fuscia</color>
                <buyer>mwilliscroft1z@spiegel.de</buyer>
            </car>
            <car>
                <vin>19UUA9E50CA543243</vin>
                <color>Teal</color>
                <buyer>tcopestick20@unc.edu</buyer>
            </car>
            <car>
                <vin>1NXBU4EE7AZ391940</vin>
                <color>Purple</color>
                <buyer>jbaudrey21@diigo.com</buyer>
            </car>
            <car>
                <vin>3C6JD6EP7CG059927</vin>
                <color>Turquoise</color>
                <buyer>stunnah22@spotify.com</buyer>
            </car>
        </cars>
    </showRoom>
    <showRoom>
        <showId>ea7f382b-d285-47f7-a671-f2c1e4b2ed0d</showId>
        <showName>Lincoln</showName>
        <street>30 Barby Alley</street>
        <city>Noyon</city>
        <region>Picardie</region>
        <country>France</country>
        <carModels>
            <carModel>
                <carId>e81573c7-a7f2-488c-ab55-4a059c05119c</carId>
                <carName>Thunderbird</carName>
                <year>1989</year>
                <usdPrice>$91827.63</usdPrice>
                <cadPrice>$95758.28</cadPrice>
                <euroPrice>&#8364;35276,93</euroPrice>
                <poundPrice>&#163;94533.67</poundPrice>
            </carModel>
            <carModel>
                <carId>ee579150-4e7b-43ce-be61-10847fdf607a</carId>
                <carName>Miata MX-5</carName>
                <year>2003</year>
                <usdPrice>$70663.60</usdPrice>
                <cadPrice>$84159.72</cadPrice>
                <euroPrice>&#8364;32672,77</euroPrice>
                <poundPrice>&#163;16631.85</poundPrice>
            </carModel>
            <carModel>
                <carId>7014e302-2e81-4c61-b02a-9ddf9437e2c8</carId>
                <carName>Ram Van B350</carName>
                <year>1992</year>
                <usdPrice>$14259.75</usdPrice>
                <cadPrice>$50843.92</cadPrice>
                <euroPrice>&#8364;20204,36</euroPrice>
                <poundPrice>&#163;77350.43</poundPrice>
            </carModel>
        </carModels>
        <cars>
            <car>
                <vin>WAUNF78P38A124572</vin>
                <color>Blue</color>
                <buyer>astreeter1n@privacy.gov.au</buyer>
            </car>
            <car>
                <vin>WAUAF78E18A009563</vin>
                <color>Turquoise</color>
                <buyer>jtemby1o@xing.com</buyer>
            </car>
            <car>
                <vin>KMHFH4JG1FA970458</vin>
                <color>Aquamarine</color>
                <buyer>kvaller1p@4shared.com</buyer>
            </car>
            <car>
                <vin>WAU2GBFC2CN230998</vin>
                <color>Red</color>
                <buyer>acrosswaite1q@wsj.com</buyer>
            </car>
            <car>
                <vin>WAUVF98K89A984565</vin>
                <color>Teal</color>
                <buyer>lnicholl1r@godaddy.com</buyer>
            </car>
        </cars>        
    </showRoom>
    <showRoom>
        <showId>74c4cb1a-65c3-4012-af6d-7dd921532ad7</showId>
        <showName>Ford</showName>
        <street>820 Valley Edge Street</street>
        <city>La Seyne-sur-Mer</city>
        <region>Provence-Alpes-Côte d'Azur</region>
        <country>France</country>
        <carModels>
            <carModel>
                <carId>b4750632-3546-442c-b303-485360818dc5</carId>
                <carName>Explorer</carName>
                <year>2013</year>
                <usdPrice>$57828.44</usdPrice>
                <cadPrice>$63983.16</cadPrice>
                <euroPrice>&#8364;20016,38</euroPrice>
                <poundPrice>&#163;44682.78</poundPrice>
            </carModel>
            <carModel>
                <carId>30ae99bf-02d0-465c-91ee-9f514479ad62</carId>
                <carName>300M</carName>
                <year>2002</year>
                <usdPrice>$27315.20</usdPrice>
                <cadPrice>$68159.92</cadPrice>
                <euroPrice>&#8364;74252,65</euroPrice>
                <poundPrice>&#163;55092.93</poundPrice>
            </carModel>
            <carModel>
                <carId>6b365628-92a7-4745-a7ea-1d6d8ebb4f02</carId>
                <carName>Trans Sport</carName>
                <year>1995</year>
                <usdPrice>$93029.12</usdPrice>
                <cadPrice>$78635.77</cadPrice>
                <euroPrice>&#8364;67850,56</euroPrice>
                <poundPrice>&#163;52737.17</poundPrice>
            </carModel>
        </carModels>
        <cars>
            <car>
                <vin>1J4PN2GK8AW403803</vin>
                <color>Purple</color>
                <buyer>dmottershaw1i@senate.gov</buyer>
            </car>
            <car>
                <vin>5TDBW5G18FS612858</vin>
                <color>Maroon</color>
                <buyer>rdesesquelle1j@issuu.com</buyer>
            </car>
            <car>
                <vin>WBS3C9C53FP537356</vin>
                <color>Fuscia</color>
                <buyer>mroubottom1k@quantcast.com</buyer>
            </car>
            <car>
                <vin>1GD01ZCG6CF361384</vin>
                <color>Violet</color>
                <buyer>nhenrot1l@psu.edu</buyer>
            </car>
            <car>
                <vin>1FTWW3A58AE430459</vin>
                <color>Violet</color>
                <buyer>qkelloch1m@sitemeter.com</buyer>
            </car>
        </cars>
    </showRoom>
    <showRoom>
        <showId>485a6a77-c251-4920-b00d-a9c96f8b0037</showId>
        <showName>Chrysler</showName>
        <street>8 Killdeer Place</street>
        <city>Creil</city>
        <region>Picardie</region>
        <country>France</country>
        <carModels>
            <carModel>
                <carId>81af56c0-0b29-4f32-89c3-42f899c271f9</carId>
                <carName>Ridgeline</carName>
                <year>2011</year>
                <usdPrice>$63461.61</usdPrice>
                <cadPrice>$53755.91</cadPrice>
                <euroPrice>&#8364;10147,12</euroPrice>
                <poundPrice>&#163;48835.51</poundPrice>
            </carModel>
            <carModel>
                <carId>ca04026c-429b-4822-9334-2f37f4e14646</carId>
                <carName>RX Hybrid</carName>
                <year>2010</year>
                <usdPrice>$10441.06</usdPrice>
                <cadPrice>$19802.60</cadPrice>
                <euroPrice>&#8364;50283,48</euroPrice>
                <poundPrice>&#163;98516.76</poundPrice>
            </carModel>
            <carModel>
                <carId>2a046362-94fa-4fad-9971-ee8793bce80a</carId>
                <carName>Sonoma Club Coupe</carName>
                <year>1994</year>
                <usdPrice>$87244.40</usdPrice>
                <cadPrice>$18099.62</cadPrice>
                <euroPrice>&#8364;38217,23</euroPrice>
                <poundPrice>&#163;26810.96</poundPrice>
            </carModel>
        </carModels>
        <cars>
            <car>
                <vin>5LMJJ2H50DE219118</vin>
                <color>Red</color>
                <buyer>lbane1e@hud.gov</buyer>
            </car>
            <car>
                <vin>WDDHH8JB4FB808428</vin>
                <color>Violet</color>
                <buyer>aimpleton1f@ameblo.jp</buyer>
            </car>
            <car>
                <vin>WAULC68E25A513742</vin>
                <color>Goldenrod</color>
                <buyer>seymer1g@microsoft.com</buyer>
            </car>
            <car>
                <vin>WAUEH98E16A740482</vin>
                <color>Orange</color>
                <buyer>jleaves1h@rediff.com</buyer>
            </car>
        </cars>        
    </showRoom>
    <showRoom>
        <showId>fc8c76c4-9a64-44e8-ba64-f17565d9a467</showId>
        <showName>Lamborghini</showName>
        <street>959 Rusk Terrace</street>
        <city>Chalon-sur-Saône</city>
        <region>Bourgogne</region>
        <country>France</country>
        <carModels>
            <carModel>
                <carId>ec33ad8c-bef4-4daf-9959-2489c84d61c3</carId>
                <carName>Alliance</carName>
                <year>1983</year>
                <usdPrice>$77436.71</usdPrice>
                <cadPrice>$88109.35</cadPrice>
                <euroPrice>&#8364;50198,90</euroPrice>
                <poundPrice>&#163;11096.50</poundPrice>
            </carModel>
            <carModel>
                <carId>d20479a0-2af0-4bf5-b676-64817e83a5fb</carId>
                <carName>Riviera</carName>
                <year>1991</year>
                <usdPrice>$50122.72</usdPrice>
                <cadPrice>$56456.77</cadPrice>
                <euroPrice>&#8364;88934,08</euroPrice>
                <poundPrice>&#163;19085.89</poundPrice>
            </carModel>
            <carModel>
                <carId>6988d761-270e-4d41-9d4f-a3777aeaba05</carId>
                <carName>H1</carName>
                <year>2002</year>
                <usdPrice>$40294.99</usdPrice>
                <cadPrice>$25707.13</cadPrice>
                <euroPrice>&#8364;68592,98</euroPrice>
                <poundPrice>&#163;96691.41</poundPrice>
            </carModel>
        </carModels>
        <cars>
            <car>
                <vin>WAUUL78E95A440024</vin>
                <color>Mauv</color>
                <buyer>lbearfoot19@people.com.cn</buyer>
            </car>
            <car>
                <vin>1C6RD6HT1CS162250</vin>
                <color>Teal</color>
                <buyer>jbrisker1a@msu.edu</buyer>
            </car>
            <car>
                <vin>WBA3T1C50FP139172</vin>
                <color>Purple</color>
                <buyer>menrico1b@tuttocitta.it</buyer>
            </car>
            <car>
                <vin>1G6AF5SX1D0448749</vin>
                <color>Violet</color>
                <buyer>rrenish1c@mysql.com</buyer>
            </car>
            <car>
                <vin>1ZVBP8JZ2E5399226</vin>
                <color>Puce</color>
                <buyer>myukhnov1d@alexa.com</buyer>
            </car>
        </cars>
    </showRoom>
    <showRoom>
        <showId>b22e2006-4461-4b6f-b5ab-24627869c943</showId>
        <showName>Toyota</showName>
        <street>1062 Northridge Avenue</street>
        <city>Gap</city>
        <region>Provence-Alpes-Côte d'Azur</region>
        <country>France</country>
        <carModels>
            <carModel>
                <carId>a2b33f24-dd00-4e7c-aa17-8c93dffaa0cf</carId>
                <carName>Firebird</carName>
                <year>2002</year>
                <usdPrice>$44301.34</usdPrice>
                <cadPrice>$32592.34</cadPrice>
                <euroPrice>&#8364;33547,31</euroPrice>
                <poundPrice>&#163;27766.08</poundPrice>
            </carModel>
            <carModel>
                <carId>4d74d75a-7acf-4d7d-a397-9579e9501444</carId>
                <carName>Mustang</carName>
                <year>1989</year>
                <usdPrice>$93278.35</usdPrice>
                <cadPrice>$39562.19</cadPrice>
                <euroPrice>&#8364;55058,77</euroPrice>
                <poundPrice>&#163;57686.89</poundPrice>
            </carModel>
            <carModel>
                <carId>3577ad54-36c4-4220-a32b-2546fe91cf6c</carId>
                <carName>Mystique</carName>
                <year>1997</year>
                <usdPrice>$16897.33</usdPrice>
                <cadPrice>$36608.90</cadPrice>
                <euroPrice>&#8364;28992,90</euroPrice>
                <poundPrice>&#163;28643.98</poundPrice>
            </carModel>
        </carModels>
        <cars>
            <car>
                <vin>1GYS4JEF9BR097398</vin>
                <color>Fuscia</color>
                <buyer>eskentelbury14@google.es</buyer>
            </car>
            <car>
                <vin>JHMFA3F2XAS772155</vin>
                <color>Violet</color>
                <buyer>ldarrigone15@prweb.com</buyer>
            </car>
            <car>
                <vin>WA1KK78R49A402300</vin>
                <color>Puce</color>
                <buyer>mpavlasek16@bandcamp.com</buyer>
            </car>
            <car>
                <vin>WAUKFAFL5CA367972</vin>
                <color>Turquoise</color>
                <buyer>bcarse17@cam.ac.uk</buyer>
            </car>
            <car>
                <vin>1FTMF1EW7AF880063</vin>
                <color>Puce</color>
                <buyer>vchivrall18@theguardian.com</buyer>
            </car>
        </cars>
    </showRoom>
    <showRoom>
        <showId>b22e2006-4461-4b6f-b5ab-24627869c943</showId>
        <showName>Toyota</showName>
        <street>1062 Northridge Avenue</street>
        <city>Gap</city>
        <region>Provence-Alpes-Côte d'Azur</region>
        <country>France</country>
        <carModels>
            <carModel>
                <carId>a2b33f24-dd00-4e7c-aa17-8c93dffaa0cf</carId>
                <carName>Firebird</carName>
                <year>2002</year>
                <usdPrice>$44301.34</usdPrice>
                <cadPrice>$32592.34</cadPrice>
                <euroPrice>&#8364;33547,31</euroPrice>
                <poundPrice>&#163;27766.08</poundPrice>
            </carModel>
            <carModel>
                <carId>4d74d75a-7acf-4d7d-a397-9579e9501444</carId>
                <carName>Mustang</carName>
                <year>1989</year>
                <usdPrice>$93278.35</usdPrice>
                <cadPrice>$39562.19</cadPrice>
                <euroPrice>&#8364;55058,77</euroPrice>
                <poundPrice>&#163;57686.89</poundPrice>
            </carModel>
            <carModel>
                <carId>3577ad54-36c4-4220-a32b-2546fe91cf6c</carId>
                <carName>Mystique</carName>
                <year>1997</year>
                <usdPrice>$16897.33</usdPrice>
                <cadPrice>$36608.90</cadPrice>
                <euroPrice>&#8364;28992,90</euroPrice>
                <poundPrice>&#163;28643.98</poundPrice>
            </carModel>
        </carModels>
        <cars>
            <car>
                <vin>1GYS4JEF9BR097398</vin>
                <color>Fuscia</color>
                <buyer>eskentelbury14@google.es</buyer>
            </car>
            <car>
                <vin>JHMFA3F2XAS772155</vin>
                <color>Violet</color>
                <buyer>ldarrigone15@prweb.com</buyer>
            </car>
            <car>
                <vin>WA1KK78R49A402300</vin>
                <color>Puce</color>
                <buyer>mpavlasek16@bandcamp.com</buyer>
            </car>
            <car>
                <vin>WAUKFAFL5CA367972</vin>
                <color>Turquoise</color>
                <buyer>bcarse17@cam.ac.uk</buyer>
            </car>
            <car>
                <vin>1FTMF1EW7AF880063</vin>
                <color>Puce</color>
                <buyer>vchivrall18@theguardian.com</buyer>
            </car>
        </cars>
    </showRoom>
    <showRoom>
        <showId>b2e9091c-9882-491b-a674-0267751be06f</showId>
        <showName>Mitsubishi</showName>
        <street>97633 Jackson Center</street>
        <city>Houston</city>
        <region>Texas</region>
        <country>United States</country>
        <carModels>
            <carModel>
                <carId>11e9ea60-4fed-422f-83ad-2603053884ae</carId>
                <carName>Wrangler</carName>
                <year>2012</year>
                <usdPrice>$27390.99</usdPrice>
                <cadPrice>$22569.61</cadPrice>
                <euroPrice>&#8364;67857,58</euroPrice>
                <poundPrice>&#163;72816.35</poundPrice>
            </carModel>
            <carModel>
                <carId>78b67884-1be0-4f27-b6b9-61bca357ab5d</carId>
                <carName>CL-Class</carName>
                <year>2012</year>
                <usdPrice>$19723.00</usdPrice>
                <cadPrice>$41987.23</cadPrice>
                <euroPrice>&#8364;30528,66</euroPrice>
                <poundPrice>&#163;69807.68</poundPrice>
            </carModel>
            <carModel>
                <carId>772a0a35-72a2-4309-b985-2f98cd663101</carId>
                <carName>Golf</carName>
                <year>1995</year>
                <usdPrice>$41588.26</usdPrice>
                <cadPrice>$46995.00</cadPrice>
                <euroPrice>&#8364;56153,75</euroPrice>
                <poundPrice>&#163;73142.71</poundPrice>
            </carModel>
        </carModels>
        <cars>
            <car>
                <vin>SCBFR7ZA7CC524370</vin>
                <color>Purple</color>
                <buyer>frivilisz@indiatimes.com</buyer>
            </car>
            <car>
                <vin>WAUDFAFLXBA445766</vin>
                <color>Goldenrod</color>
                <buyer>samorts10@hexun.com</buyer>
            </car>
            <car>
                <vin>2B3CK2CV5AH266252</vin>
                <color>Violet</color>
                <buyer>bcolleer11@squarespace.com</buyer>
            </car>
            <car>
                <vin>NM0AE8F7XE1656374</vin>
                <color>Violet</color>
                <buyer>mbonass12@google.de</buyer>
            </car>
            <car>
                <vin>5N1AN0NU5AC947550</vin>
                <color>Turquoise</color>
                <buyer>jinkin13@github.io</buyer>
            </car>
        </cars>        
    </showRoom>
    <showRoom>
        <showId>275fda79-516d-44c5-ab72-d4c4874833eb</showId>
        <showName>Cadillac</showName>
        <street>56 Heffernan Place</street>
        <city>Arras</city>
        <region>Nord-Pas-de-Calais</region>
        <country>France</country>
        <carModels>
            <carModel>
                <carId>b8c784d1-0993-4586-8ec2-9316a649c54c</carId>
                <carName>Prizm</carName>
                <year>1997</year>
                <usdPrice>$72413.64</usdPrice>
                <cadPrice>$91227.65</cadPrice>
                <euroPrice>&#8364;21909,72</euroPrice>
                <poundPrice>&#163;41593.23</poundPrice>
            </carModel>
            <carModel>
                <carId>40b2b19f-fbae-4aeb-ac82-01d06cf9ef25</carId>
                <carName>Defender</carName>
                <year>1995</year>
                <usdPrice>$68341.38</usdPrice>
                <cadPrice>$29247.80</cadPrice>
                <euroPrice>&#8364;36086,04</euroPrice>
                <poundPrice>&#163;94567.80</poundPrice>
            </carModel>
            <carModel>
                <carId>5e1b284a-6172-485e-bfd8-5a9b69e62958</carId>
                <carName>Sunbird</carName>
                <year>1988</year>
                <usdPrice>$50913.38</usdPrice>
                <cadPrice>$32835.18</cadPrice>
                <euroPrice>&#8364;71301,49</euroPrice>
                <poundPrice>&#163;71629.21</poundPrice>
            </carModel>
        </carModels>
        <cars>
            <car>
                <vin>3C6JD6BP8CG986455</vin>
                <color>Green</color>
                <buyer>okuncu@discuz.net</buyer>
            </car>
            <car>
                <vin>WBA5A7C51FD606778</vin>
                <color>Aquamarine</color>
                <buyer>rsantenv@tinypic.com</buyer>
            </car>
            <car>
                <vin>4T1BD1EB8FU859508</vin>
                <color>Indigo</color>
                <buyer>nchaggw@go.com</buyer>
            </car>
            <car>
                <vin>JA32X8HW7DU297437</vin>
                <color>Maroon</color>
                <buyer>nyoellx@deviantart.com</buyer>
            </car>
            <car>
                <vin>4T3BA3BB8AU048820</vin>
                <color>Blue</color>
                <buyer>meburahy@dyndns.org</buyer>
            </car>
        </cars>
    </showRoom>
    <showRoom>
        <showId>6a859745-9392-43e1-97de-25bfc0569742</showId>
        <showName>GMC</showName>
        <street>51557 Grasskamp Crossing</street>
        <city>Annecy</city>
        <region>Rhône-Alpes</region>
        <country>France</country>
        <carModels>
            <carModel>
                <carId>50a3fa57-e3e3-4d79-94a8-ea15f604f042</carId>
                <carName>Passport</carName>
                <year>1997</year>
                <usdPrice>$37484.57</usdPrice>
                <cadPrice>$63691.54</cadPrice>
                <euroPrice>&#8364;75326,90</euroPrice>
                <poundPrice>&#163;14916.26</poundPrice>
            </carModel>
            <carModel>
                <carId>5976b6f4-87f3-4c37-9f90-b14468b8164e</carId>
                <carName>Talon</carName>
                <year>1998</year>
                <usdPrice>$50778.85</usdPrice>
                <cadPrice>$32493.59</cadPrice>
                <euroPrice>&#8364;24999,34</euroPrice>
                <poundPrice>&#163;23428.99</poundPrice>
            </carModel>
            <carModel>
                <carId>37c58d92-256c-4574-9bb7-5efa73ff160b</carId>
                <carName>Odyssey</carName>
                <year>2007</year>
                <usdPrice>$78863.61</usdPrice>
                <cadPrice>$31236.27</cadPrice>
                <euroPrice>&#8364;38328,87</euroPrice>
                <poundPrice>&#163;61452.13</poundPrice>
            </carModel>
        </carModels>
        <cars>
            <car>
                <vin>1FMEU8FEXAU382830</vin>
                <color>Aquamarine</color>
                <buyer>tdownhamp@photobucket.com</buyer>
            </car>
            <car>
                <vin>WAURVAFA2AN180226</vin>
                <color>Blue</color>
                <buyer>mpalmbyq@twitpic.com</buyer>
            </car>
            <car>
                <vin>1G6AG5RXXF0337705</vin>
                <color>Puce</color>
                <buyer>pcappelr@theatlantic.com</buyer>
            </car>
            <car>
                <vin>5NPEB4AC9DH048136</vin>
                <color>Pink</color>
                <buyer>nkerrs@webs.com</buyer>
            </car>
            <car>
                <vin>SCBBR93W29C479510</vin>
                <color>Blue</color>
                <buyer>ojanset@cyberchimps.com</buyer>
            </car>
        </cars>
    </showRoom>
    <showRoom>
        <showId>97a0360a-2611-45f1-877b-f18c2cb6b998</showId>
        <showName>Pontiac</showName>
        <street>59361 Sundown Crossing</street>
        <city>Duluth</city>
        <region>Georgia</region>
        <country>United States</country>
        <carModels>
            <carModel>
                <carId>bf91d55f-1763-4fe3-a400-162fb8b1700a</carId>
                <carName>Trooper</carName>
                <year>1993</year>
                <usdPrice>$88353.26</usdPrice>
                <cadPrice>$39414.65</cadPrice>
                <euroPrice>&#8364;30468,59</euroPrice>
                <poundPrice>&#163;14494.00</poundPrice>
            </carModel>
            <carModel>
                <carId>9a75432d-c2e1-4688-b917-7779c98a2d0f</carId>
                <carName>CX-9</carName>
                <year>2011</year>
                <usdPrice>$53627.47</usdPrice>
                <cadPrice>$94442.87</cadPrice>
                <euroPrice>&#8364;99368,82</euroPrice>
                <poundPrice>&#163;14091.59</poundPrice>
            </carModel>
            <carModel>
                <carId>bc33df86-0f35-4dfb-a370-afb9c5a1ae2b</carId>
                <carName>Liberty</carName>
                <year>2011</year>
                <usdPrice>$51203.74</usdPrice>
                <cadPrice>$76059.23</cadPrice>
                <euroPrice>&#8364;31646,26</euroPrice>
                <poundPrice>&#163;24225.92</poundPrice>
            </carModel>
        </carModels>
        <cars>
            <car>
                <vin>WA1CGBFE5BD708287</vin>
                <color>Khaki</color>
                <buyer>epeirpointk@earthlink.net</buyer>
            </car>
            <car>
                <vin>2G4WB55K931473198</vin>
                <color>Aquamarine</color>
                <buyer>mrylandsl@businessinsider.com</buyer>
            </car>
            <car>
                <vin>JN1AZ4EH7BM905267</vin>
                <color>Aquamarine</color>
                <buyer>rfretterm@quantcast.com</buyer>
            </car>
            <car>
                <vin>SAJWA6E71E8805080</vin>
                <color>Red</color>
                <buyer>kjankiewiczn@amazon.co.jp</buyer>
            </car>
            <car>
                <vin>1GYUCDEF3AR532654</vin>
                <color>Yellow</color>
                <buyer>mlocktono@ox.ac.uk</buyer>
            </car>
        </cars>    
    </showRoom>
    <showRoom>
    <showId>3555b263-c8a4-4e81-b787-13e407adcaf4</showId>
        <showName>Mercedes-Benz</showName>
        <street>69619 Farragut Place</street>
        <city>Pensacola</city>
        <region>Florida</region>
        <country>United States</country>
        <carModels>
            <carModel>
                <carId>0161cdb2-94a8-484e-aad4-d4c113377f8a</carId>
                <carName>Cayman</carName>
                <year>2010</year>
                <usdPrice>$38934.34</usdPrice>
                <cadPrice>$61900.35</cadPrice>
                <euroPrice>&#8364;35286,24</euroPrice>
                <poundPrice>&#163;22593.86</poundPrice>
            </carModel>
            <carModel>
                <carId>477cd8e7-1d69-4e6a-b3e1-253245c45a74</carId>
                <carName>LS</carName>
                <year>1995</year>
                <usdPrice>$78549.09</usdPrice>
                <cadPrice>$34991.86</cadPrice>
                <euroPrice>&#8364;96730,98</euroPrice>
                <poundPrice>&#163;28497.64</poundPrice>
            </carModel>
            <carModel>
                <carId>b378a09c-28fc-4d3d-8dbc-97fa24d3b5be</carId>
                <carName>3500</carName>
                <year>2011</year>
                <usdPrice>$91279.42</usdPrice>
                <cadPrice>$73675.26</cadPrice>
                <euroPrice>&#8364;56946,56</euroPrice>
                <poundPrice>&#163;57657.19</poundPrice>
            </carModel>
        </carModels>
        <cars>
            <car>
                <vin>2G4GN5EK9C9998789</vin>
                <color>Mauv</color>
                <buyer>nromaintf@wunderground.com</buyer>
            </car>
            <car>
                <vin>1G4GD5ED4BF376174</vin>
                <color>Mauv</color>
                <buyer>mmcgaughayg@redcross.org</buyer>
            </car>
            <car>
                <vin>1G4HP52K654786120</vin>
                <color>Maroon</color>
                <buyer>jaslinh@auda.org.au</buyer>
            </car>
            <car>
                <vin>WDDHF5KB0EA157872</vin>
                <color>Purple</color>
                <buyer>kdimitrescui@lulu.com</buyer>
            </car>
            <car>
                <vin>3C4PDDEG5DT348904</vin>
                <color>Yellow</color>
                <buyer>ehuguenetj@examiner.com</buyer>
            </car>
        </cars>    
    </showRoom>
    <showRoom>
        <showId>d9dcc23c-c0bb-4598-bdb4-32e2431d6bae</showId>
        <showName>Dodge</showName>
        <street>0 Northview Lane</street>
        <city>Maizuru</city>
        <country>Japan</country>
        <carModels>
            <carModel>
                <carId>5217685e-9a49-47e9-91d4-6f1d449fbbbe</carId>
                <carName>Ram Van 3500</carName>
                <year>2003</year>
                <usdPrice>$74298.10</usdPrice>
                <cadPrice>$99669.69</cadPrice>
                <euroPrice>&#8364;67548,01</euroPrice>
                <poundPrice>&#163;95455.36</poundPrice>
            </carModel>
            <carModel>
                <carId>d5196f96-9b54-485b-aa26-9c3f420a9a0c</carId>
                <carName>GTO</carName>
                <year>2006</year>
                <usdPrice>$82668.20</usdPrice>
                <cadPrice>$49687.96</cadPrice>
                <euroPrice>&#8364;24723,55</euroPrice>
                <poundPrice>&#163;82249.33</poundPrice>
            </carModel>
            <carModel>
                <carId>903cd852-125d-4bda-b0c2-86371cb97637</carId>
                <carName>612 Scaglietti</carName>
                <year>2007</year>
                <usdPrice>$38686.66</usdPrice>
                <cadPrice>$84396.72</cadPrice>
                <euroPrice>&#8364;59104,79</euroPrice>
                <poundPrice>&#163;44888.81</poundPrice>
            </carModel>
        </carModels>
        <cars>
            <car>
                <vin>1N6AA0CH5FN487935</vin>
                <color>Aquamarine</color>
                <buyer>dbirtleya@craigslist.org</buyer>
            </car>
            <car>
                <vin>1C3CCBBB5CN430178</vin>
                <color>Maroon</color>
                <buyer>rtingcombb@arizona.edu</buyer>
            </car>
            <car>
                <vin>1FMHK7B80CG283142</vin>
                <color>Green</color>
                <buyer>jtwinnc@bigcartel.com</buyer>
            </car>
            <car>
                <vin>3D73Y3HL1BG734768</vin>
                <color>Orange</color>
                <buyer>bduelld@last.fm</buyer>
            </car>
            <car>
                <vin>1N4AL2EP9DC930552</vin>
                <color>Pink</color>
                <buyer>acholdcrofte@apache.org</buyer>
            </car>
        </cars> 
    </showRoom>  
    <showRoom>
        <showId>d9dcc23c-c0bb-4598-bdb4-32e2431d6bae</showId>
        <showName>Dodge</showName>
        <street>0 Northview Lane</street>
        <city>Maizuru</city>
        <country>Japan</country>
        <carModels>
            <carModel>
                <carId>5217685e-9a49-47e9-91d4-6f1d449fbbbe</carId>
                <carName>Ram Van 3500</carName>
                <year>2003</year>
                <usdPrice>$74298.10</usdPrice>
                <cadPrice>$99669.69</cadPrice>
                <euroPrice>&#8364;67548,01</euroPrice>
                <poundPrice>&#163;95455.36</poundPrice>
            </carModel>
            <carModel>
                <carId>d5196f96-9b54-485b-aa26-9c3f420a9a0c</carId>
                <carName>GTO</carName>
                <year>2006</year>
                <usdPrice>$82668.20</usdPrice>
                <cadPrice>$49687.96</cadPrice>
                <euroPrice>&#8364;24723,55</euroPrice>
                <poundPrice>&#163;82249.33</poundPrice>
            </carModel>
            <carModel>
                <carId>903cd852-125d-4bda-b0c2-86371cb97637</carId>
                <carName>612 Scaglietti</carName>
                <year>2007</year>
                <usdPrice>$38686.66</usdPrice>
                <cadPrice>$84396.72</cadPrice>
                <euroPrice>&#8364;59104,79</euroPrice>
                <poundPrice>&#163;44888.81</poundPrice>
            </carModel>
        </carModels>
        <cars>
            <car>
                <vin>1N6AA0CH5FN487935</vin>
                <color>Aquamarine</color>
                <buyer>dbirtleya@craigslist.org</buyer>
            </car>
            <car>
                <vin>1C3CCBBB5CN430178</vin>
                <color>Maroon</color>
                <buyer>rtingcombb@arizona.edu</buyer>
            </car>
            <car>
                <vin>1FMHK7B80CG283142</vin>
                <color>Green</color>
                <buyer>jtwinnc@bigcartel.com</buyer>
            </car>
            <car>
                <vin>3D73Y3HL1BG734768</vin>
                <color>Orange</color>
                <buyer>bduelld@last.fm</buyer>
            </car>
            <car>
                <vin>1N4AL2EP9DC930552</vin>
                <color>Pink</color>
                <buyer>acholdcrofte@apache.org</buyer>
            </car>
        </cars>
    </showRoom>
    <showRoom>
        <showId>b2f54f87-6ba9-4727-bffd-15fbc91bf74c</showId>
            <showName>Mercury</showName>
            <street>15976 Northland Court</street>
            <city>Chambéry</city>
            <region>Rhône-Alpes</region>
            <country>France</country>
            <carModels>
                <carModel>
                    <carId>9fdf5b78-a4f6-421d-bb31-7905659148f4</carId>
                    <carName>Integra</carName>
                    <year>1992</year>
                    <usdPrice>$85390.20</usdPrice>
                    <cadPrice>$49759.47</cadPrice>
                    <euroPrice>&#8364;35901,90</euroPrice>
                    <poundPrice>&#163;36175.29</poundPrice>
                </carModel>
                <carModel>
                    <carId>7eb6db6a-3e5f-4f45-9868-abc9147c07f4</carId>
                    <carName>F-Series</carName>
                    <year>2010</year>
                    <usdPrice>$51991.77</usdPrice>
                    <cadPrice>$86337.76</cadPrice>
                    <euroPrice>&#8364;64038,87</euroPrice>
                    <poundPrice>&#163;87952.16</poundPrice>
                </carModel>
                <carModel>
                    <carId>d1509dec-8127-4c19-af56-351e7a0f6e03</carId>
                    <carName>G</carName>
                    <year>1993</year>
                    <usdPrice>$97249.58</usdPrice>
                    <cadPrice>$54509.86</cadPrice>
                    <euroPrice>&#8364;52900,33</euroPrice>
                    <poundPrice>&#163;64395.40</poundPrice>
                </carModel>
            </carModels>
            <cars>
                <car>
                    <vin>3FAHP0DC5AR079112</vin>
                    <color>Fuscia</color>
                    <buyer>alewens5@github.io</buyer>
                </car>
                <car>
                    <vin>3GTU1YEJ3BG470763</vin>
                    <color>Crimson</color>
                    <buyer>sandrassy6@msn.com</buyer>
                </car>
                <car>
                    <vin>1G4HE57Y88U127043</vin>
                    <color>Aquamarine</color>
                    <buyer>bvonwelden7@foxnews.com</buyer>
                </car>
                <car>
                    <vin>WAUVT54B34N516039</vin>
                    <color>Blue</color>
                    <buyer>mwattam8@cmu.edu</buyer>
                </car>
                <car>
                    <vin>5J8TB18239A146727</vin>
                    <color>Pink</color>
                    <buyer>mbenedicto9@netlog.com</buyer>
                </car>
            </cars>        
    </showRoom>  
    <showRoom>
        <showId>39c96929-c2fb-4018-987d-8ba1a5cb9f1a</showId>
        <showName>Ford</showName>
        <street>28691 Beilfuss Way</street>
        <city>Namie</city>
        <country>Japan</country>
        <carModels>
            <carModel>
                <carId>aa63872b-a97a-4e37-b8ce-c5fa1c75e003</carId>
                <carName>Solara</carName>
                <year>2005</year>
                <usdPrice>$69129.33</usdPrice>
                <cadPrice>$30047.56</cadPrice>
                <euroPrice>&#8364;20685,47</euroPrice>
                <poundPrice>&#163;87481.51</poundPrice>
            </carModel>
            <carModel>
                <carId>011ca1fe-128c-4612-b687-460f2d7f896a</carId>
                <carName>Gallardo</carName>
                <year>2003</year>
                <usdPrice>$43340.27</usdPrice>
                <cadPrice>$66355.17</cadPrice>
                <euroPrice>&#8364;55955,76</euroPrice>
                <poundPrice>&#163;14512.07</poundPrice>
            </carModel>
            <carModel>
                <carId>375138e5-9618-43e0-8369-f766b0565485</carId>
                <carName>Classic</carName>
                <year>2005</year>
                <usdPrice>$10268.87</usdPrice>
                <cadPrice>$19750.03</cadPrice>
                <euroPrice>&#8364;50367,00</euroPrice>
                <poundPrice>&#163;97974.68</poundPrice>
            </carModel>
        </carModels>
        <cars>
            <car>
                <vin>1G6YV36AX95257126</vin>
                <color>Violet</color>
                <buyer>rneild0@wiley.com</buyer>
            </car>
            <car>
                <vin>1N6AF0LY8EN892607</vin>
                <color>Blue</color>
                <buyer>kdorosario1@dagondesign.com</buyer>
            </car>
            <car>
                <vin>WAUDF48H07K844617</vin>
                <color>Maroon</color>
                <buyer>astonnell2@aol.com</buyer>
            </car>
            <car>
                <vin>WAUDL94F65N744799</vin>
                <color>Green</color>
                <buyer>mtumilson3@hugedomains.com</buyer>
            </car>
            <car>
                <vin>1C3CDZCB7EN704102</vin>
                <color>Blue</color>
                <buyer>cshellard4@skyrock.com</buyer>
            </car>
        </cars>
    </showRoom> 
</automotive>
