[
  {
    "id": "9337c59a-3df1-40c7-b106-6c13033264ca",
    "name": "Corkery Inc",
    "street": "58 Sycamore Place",
    "city": "Jacksonville",
    "region": "Florida",
    "country": "United States",
    "clients": [
      {
        "id": "b17fd735-a6a9-4301-baa2-48544c2de237",
        "firstName": "Jeddy",
        "lastName": "Elmhurst",
        "email": "jelmhurst0@examiner.com",
        "phoneNumber": "501-321-7367",
        "cards": [
          {
            "number": "201652668144335",
            "type": "diners-club-enroute",
            "cvv": 721,
            "expiresAt": "2016-03"
          },
          {
            "number": "30050196044761",
            "type": "diners-club-carte-blanche",
            "cvv": 210,
            "expiresAt": "2018-05"
          }
        ]
      },
      {
        "id": "3bbada21-839d-4684-8cf6-7551081f932a",
        "firstName": "Arlene",
        "lastName": "Greenroad",
        "email": "agreenroad1@squarespace.com",
        "phoneNumber": "788-576-7723",
        "cards": [
          {
            "number": "6392323790875883",
            "type": "instapayment",
            "cvv": 767,
            "expiresAt": "2013-12"
          },
          {
            "number": "3562843996671795",
            "type": "jcb",
            "cvv": 738,
            "expiresAt": "2019-09"
          }
        ]
      },
      {
        "id": "25c7b46c-e9b7-49d7-8df2-06d58d587dd3",
        "firstName": "Kiley",
        "lastName": "Ceschelli",
        "email": "kceschelli2@linkedin.com",
        "phoneNumber": "914-860-4254",
        "cards": [
          {
            "number": "5610758113792836",
            "type": "bankcard",
            "cvv": 187,
            "expiresAt": "2015-12"
          },
          {
            "number": "491117107787495799",
            "type": "switch",
            "cvv": 420,
            "expiresAt": "2019-03"
          }
        ]
      }
    ]
  },
  {
    "id": "d2cb48e2-3f17-40c4-a6c0-df42df86960a",
    "name": "Botsford and Sons",
    "street": "88993 Quincy Parkway",
    "city": "Reno",
    "region": "Nevada",
    "country": "United States",
    "clients": [
      {
        "id": "87a8c19e-89e6-46fb-92fc-76aead7e6d7b",
        "firstName": "Dulcie",
        "lastName": "Blaase",
        "email": "dblaase3@diigo.com",
        "phoneNumber": "850-883-4739",
        "cards": [
          {
            "number": "6333498721113893",
            "type": "switch",
            "cvv": 324,
            "expiresAt": "2017-02"
          },
          {
            "number": "50206915331261996",
            "type": "maestro",
            "cvv": 579,
            "expiresAt": "2015-02"
          }
        ]
      },
      {
        "id": "1c951ed7-7e2c-49f0-a48e-a5b0a24102d4",
        "firstName": "Patric",
        "lastName": "Mattia",
        "email": "pmattia4@discuz.net",
        "phoneNumber": "361-580-2342",
        "cards": [
          {
            "number": "6304724094468015621",
            "type": "maestro",
            "cvv": 813,
            "expiresAt": "2012-06"
          },
          {
            "number": "3554320078586357",
            "type": "jcb",
            "cvv": 595,
            "expiresAt": "2015-06"
          }
        ]
      },
      {
        "id": "ddf1d898-f5ea-4f71-939c-4123e37b2c67",
        "firstName": "Jo ann",
        "lastName": "Drayson",
        "email": "jdrayson5@imdb.com",
        "phoneNumber": "515-367-8962",
        "cards": [
          {
            "number": "3542846442903006",
            "type": "jcb",
            "cvv": 895,
            "expiresAt": "2013-11"
          },
          {
            "number": "5602211621009640",
            "type": "bankcard",
            "cvv": 782,
            "expiresAt": "2019-06"
          }
        ]
      }
    ]
  },
  {
    "id": "bb20b2ef-3d99-4755-bf7f-f6290083c434",
    "name": "Kutch and Sons",
    "street": "0993 Ruskin Place",
    "city": "Lakeland",
    "region": "Florida",
    "country": "United States",
    "clients": [
      {
        "id": "e297f1ff-da94-4bdb-ada5-6028bb442732",
        "firstName": "Abdel",
        "lastName": "Hintzer",
        "email": "ahintzer6@amazon.de",
        "phoneNumber": "403-654-9286",
        "cards": [
          {
            "number": "5893946596035249",
            "type": "maestro",
            "cvv": 179,
            "expiresAt": "2018-11"
          },
          {
            "number": "3531208224680554",
            "type": "jcb",
            "cvv": 977,
            "expiresAt": "2021-12"
          }
        ]
      },
      {
        "id": "4f971fab-a080-4abf-adb5-28731a647388",
        "firstName": "Brigit",
        "lastName": "Outerbridge",
        "email": "bouterbridge7@list-manage.com",
        "phoneNumber": "761-163-5181",
        "cards": [
          {
            "number": "3562115203852413",
            "type": "jcb",
            "cvv": 939,
            "expiresAt": "2019-10"
          },
          {
            "number": "5602229261032631",
            "type": "china-unionpay",
            "cvv": 751,
            "expiresAt": "2014-11"
          }
        ]
      },
      {
        "id": "6524cb37-2003-49a6-95af-0e712e17abe7",
        "firstName": "Helen",
        "lastName": "Ginnally",
        "email": "hginnally8@statcounter.com",
        "phoneNumber": "260-578-3021",
        "cards": [
          {
            "number": "201836873274157",
            "type": "diners-club-enroute",
            "cvv": 828,
            "expiresAt": "2014-12"
          },
          {
            "number": "3547872399476098",
            "type": "jcb",
            "cvv": 430,
            "expiresAt": "2012-10"
          }
        ]
      }
    ]
  },
  {
    "id": "dbc9688d-294b-4a2f-a373-1ab7bd9fabba",
    "name": "Torphy, Dickinson and Walter",
    "street": "75 Loomis Alley",
    "city": "Baltimore",
    "region": "Maryland",
    "country": "United States",
    "clients": [
      {
        "id": "cb2ddb3f-eebf-45fd-9894-f1af9465209f",
        "firstName": "Zerk",
        "lastName": "Ingry",
        "email": "zingry9@slashdot.org",
        "phoneNumber": "986-688-7361",
        "cards": [
          {
            "number": "3582836124205276",
            "type": "jcb",
            "cvv": 391,
            "expiresAt": "2017-03"
          },
          {
            "number": "3550606794068074",
            "type": "jcb",
            "cvv": 992,
            "expiresAt": "2018-05"
          }
        ]
      },
      {
        "id": "df5107cd-acd5-458e-9ba5-01d646d849bb",
        "firstName": "Maitilde",
        "lastName": "Marwood",
        "email": "mmarwooda@boston.com",
        "phoneNumber": "526-110-2435",
        "cards": [
          {
            "number": "3587199784867918",
            "type": "jcb",
            "cvv": 452,
            "expiresAt": "2019-10"
          },
          {
            "number": "633322821736065796",
            "type": "switch",
            "cvv": 179,
            "expiresAt": "2013-08"
          }
        ]
      },
      {
        "id": "8bff6944-c721-4727-b737-dd64696d8e46",
        "firstName": "Jim",
        "lastName": "Middleton",
        "email": "jmiddletonb@jiathis.com",
        "phoneNumber": "246-739-5678",
        "cards": [
          {
            "number": "3581666378731979",
            "type": "jcb",
            "cvv": 426,
            "expiresAt": "2017-10"
          },
          {
            "number": "5391753203532478",
            "type": "mastercard",
            "cvv": 714,
            "expiresAt": "2018-07"
          }
        ]
      }
    ]
  },
  {
    "id": "23bac6dd-006c-4331-9bc4-f76f07992663",
    "name": "Zboncak, Schaefer and Metz",
    "street": "1088 Kensington Court",
    "city": "Columbus",
    "region": "Ohio",
    "country": "United States",
    "clients": [
      {
        "id": "a6ca87e7-bb09-4ece-9c05-529762a5d4f4",
        "firstName": "Ardys",
        "lastName": "Bech",
        "email": "abechc@nature.com",
        "phoneNumber": "504-408-2724",
        "cards": [
          {
            "number": "3564088650308676",
            "type": "jcb",
            "cvv": 841,
            "expiresAt": "2020-06"
          },
          {
            "number": "503871739529189591",
            "type": "maestro",
            "cvv": 767,
            "expiresAt": "2016-11"
          }
        ]
      },
      {
        "id": "57209502-04b4-4e90-b536-d66f583fe664",
        "firstName": "Rivi",
        "lastName": "Verring",
        "email": "rverringd@51.la",
        "phoneNumber": "637-916-0222",
        "cards": [
          {
            "number": "30383655424921",
            "type": "diners-club-carte-blanche",
            "cvv": 522,
            "expiresAt": "2021-02"
          },
          {
            "number": "3568291833749792",
            "type": "jcb",
            "cvv": 320,
            "expiresAt": "2021-05"
          }
        ]
      },
      {
        "id": "039f288c-374f-42a3-b398-96ffd2c141d3",
        "firstName": "Gretchen",
        "lastName": "Allabarton",
        "email": "gallabartone@europa.eu",
        "phoneNumber": "971-907-3467",
        "cards": [
          {
            "number": "3554415677952156",
            "type": "jcb",
            "cvv": 831,
            "expiresAt": "2022-03"
          },
          {
            "number": "5284382655667473",
            "type": "mastercard",
            "cvv": 715,
            "expiresAt": "2012-03"
          }
        ]
      }
    ]
  },
  {
    "id": "7142cbf0-816c-4138-867e-9e54417b8a5d",
    "name": "Lind, Kerluke and Tillman",
    "street": "47 Dakota Plaza",
    "city": "Fermont",
    "region": "Québec",
    "country": "Canada",
    "clients": [
      {
        "id": "7924ecf4-c645-4c0f-9070-93ef967b2d6d",
        "firstName": "Maurits",
        "lastName": "Gabbitas",
        "email": "mgabbitasf@fda.gov",
        "phoneNumber": "784-319-0578",
        "cards": [
          {
            "number": "3537404165649344",
            "type": "jcb",
            "cvv": 832,
            "expiresAt": "2013-04"
          },
          {
            "number": "3573187817925650",
            "type": "jcb",
            "cvv": 983,
            "expiresAt": "2020-07"
          }
        ]
      },
      {
        "id": "293908a2-7687-4365-8d63-c49a65b49e4a",
        "firstName": "Vinita",
        "lastName": "Spires",
        "email": "vspiresg@blogspot.com",
        "phoneNumber": "858-249-3659",
        "cards": [
          {
            "number": "3580319474018377",
            "type": "jcb",
            "cvv": 950,
            "expiresAt": "2022-04"
          },
          {
            "number": "374288005264329",
            "type": "americanexpress",
            "cvv": 572,
            "expiresAt": "2013-07"
          }
        ]
      },
      {
        "id": "86bc3871-6b9c-4711-b034-d9362742e392",
        "firstName": "Augusta",
        "lastName": "Signoret",
        "email": "asignoreth@lulu.com",
        "phoneNumber": "809-876-5888",
        "cards": [
          {
            "number": "6334201625480643",
            "type": "solo",
            "cvv": 310,
            "expiresAt": "2022-11"
          },
          {
            "number": "374288399334506",
            "type": "americanexpress",
            "cvv": 284,
            "expiresAt": "2012-04"
          }
        ]
      }
    ]
  },
  {
    "id": "1a5fe502-2f0a-4f70-b6b6-66691af66181",
    "name": "Zemlak Group",
    "street": "88 Lillian Crossing",
    "city": "Hollywood",
    "region": "Florida",
    "country": "United States",
    "clients": [
      {
        "id": "89e34459-e278-497b-a413-d1635b0a92de",
        "firstName": "Yankee",
        "lastName": "Weiss",
        "email": "yweissi@smugmug.com",
        "phoneNumber": "722-897-5945",
        "cards": [
          {
            "number": "5610383067602384",
            "type": "china-unionpay",
            "cvv": 195,
            "expiresAt": "2018-02"
          },
          {
            "number": "5010121827243347",
            "type": "mastercard",
            "cvv": 677,
            "expiresAt": "2018-07"
          }
        ]
      },
      {
        "id": "454ba63a-bc71-4cb3-936d-c455a5f8e249",
        "firstName": "Rochester",
        "lastName": "Mullenger",
        "email": "rmullengerj@eepurl.com",
        "phoneNumber": "931-320-4382",
        "cards": [
          {
            "number": "201608373995965",
            "type": "diners-club-enroute",
            "cvv": 795,
            "expiresAt": "2015-01"
          },
          {
            "number": "3583427351604693",
            "type": "jcb",
            "cvv": 132,
            "expiresAt": "2016-11"
          }
        ]
      },
      {
        "id": "606513fa-eb07-434d-9999-6bfd8a54e14c",
        "firstName": "Cammi",
        "lastName": "Snowsill",
        "email": "csnowsillk@altervista.org",
        "phoneNumber": "246-586-5847",
        "cards": [
          {
            "number": "3542682991965728",
            "type": "jcb",
            "cvv": 270,
            "expiresAt": "2018-07"
          },
          {
            "number": "3544183850468357",
            "type": "jcb",
            "cvv": 938,
            "expiresAt": "2020-05"
          }
        ]
      }
    ]
  },
  {
    "id": "989f9d79-7454-436d-aa6e-19a80e5292b5",
    "name": "Moore-Schneider",
    "street": "444 6th Place",
    "city": "Jackson",
    "region": "Mississippi",
    "country": "United States",
    "clients": [
      {
        "id": "0a95895b-c01f-473e-8c0e-79c5c165ef6f",
        "firstName": "Josiah",
        "lastName": "Mechic",
        "email": "jmechicl@spiegel.de",
        "phoneNumber": "815-772-8405",
        "cards": [
          {
            "number": "6767056701576871911",
            "type": "solo",
            "cvv": 933,
            "expiresAt": "2019-10"
          },
          {
            "number": "675990281684872564",
            "type": "switch",
            "cvv": 581,
            "expiresAt": "2016-03"
          }
        ]
      },
      {
        "id": "0efba7b1-580b-44ca-bcc5-86a4db42c2b2",
        "firstName": "Kalila",
        "lastName": "Munslow",
        "email": "kmunslowm@jimdo.com",
        "phoneNumber": "816-391-6948",
        "cards": [
          {
            "number": "4017957226187460",
            "type": "visa",
            "cvv": 505,
            "expiresAt": "2020-11"
          },
          {
            "number": "3529495623133459",
            "type": "jcb",
            "cvv": 605,
            "expiresAt": "2013-05"
          }
        ]
      },
      {
        "id": "2271ad4d-7746-472f-ba8e-dd8b0e0c573b",
        "firstName": "Valli",
        "lastName": "Blesli",
        "email": "vbleslin@uiuc.edu",
        "phoneNumber": "342-757-1632",
        "cards": [
          {
            "number": "3535502987682732",
            "type": "jcb",
            "cvv": 614,
            "expiresAt": "2018-10"
          },
          {
            "number": "5602224521511151",
            "type": "bankcard",
            "cvv": 494,
            "expiresAt": "2022-03"
          }
        ]
      }
    ]
  },
  {
    "id": "143f3303-3621-4fd2-987c-46a387afcd83",
    "name": "Effertz LLC",
    "street": "58459 Clove Park",
    "city": "Viking",
    "region": "Alberta",
    "country": "Canada",
    "clients": [
      {
        "id": "3489dbe1-7adf-45cf-91ae-e6814f270c85",
        "firstName": "Kimberlyn",
        "lastName": "Schneidau",
        "email": "kschneidauo@paginegialle.it",
        "phoneNumber": "447-861-0619",
        "cards": [
          {
            "number": "372417423376314",
            "type": "americanexpress",
            "cvv": 134,
            "expiresAt": "2020-03"
          },
          {
            "number": "4017958756397",
            "type": "visa",
            "cvv": 240,
            "expiresAt": "2015-06"
          }
        ]
      },
      {
        "id": "911e2dfb-fdfb-4c71-b739-727feffebe31",
        "firstName": "Adams",
        "lastName": "Tourner",
        "email": "atournerp@xrea.com",
        "phoneNumber": "561-156-8042",
        "cards": [
          {
            "number": "3571689679749021",
            "type": "jcb",
            "cvv": 639,
            "expiresAt": "2021-09"
          },
          {
            "number": "5602239115353059",
            "type": "china-unionpay",
            "cvv": 880,
            "expiresAt": "2016-09"
          }
        ]
      },
      {
        "id": "61820637-9a66-4b27-9b87-ae7cc378f8bd",
        "firstName": "Benjamen",
        "lastName": "Radke",
        "email": "bradkeq@stanford.edu",
        "phoneNumber": "341-150-7718",
        "cards": [
          {
            "number": "675921193140138585",
            "type": "switch",
            "cvv": 173,
            "expiresAt": "2019-10"
          },
          {
            "number": "5602217977707247298",
            "type": "china-unionpay",
            "cvv": 656,
            "expiresAt": "2019-06"
          }
        ]
      }
    ]
  },
  {
    "id": "a88f9964-5b2d-42c4-8ded-6a5eb76b27d7",
    "name": "Von Inc",
    "street": "00 Basil Hill",
    "city": "Morden",
    "region": "Manitoba",
    "country": "Canada",
    "clients": [
      {
        "id": "e62255b1-49cf-49ea-b9c6-79cf854eea59",
        "firstName": "Lyndel",
        "lastName": "Shier",
        "email": "lshierr@thetimes.co.uk",
        "phoneNumber": "690-481-3288",
        "cards": [
          {
            "number": "6709977805584000",
            "type": "laser",
            "cvv": 829,
            "expiresAt": "2017-11"
          },
          {
            "number": "4508162092778130",
            "type": "visa-electron",
            "cvv": 238,
            "expiresAt": "2013-07"
          }
        ]
      },
      {
        "id": "b259129f-856f-43c3-a76b-0f9e42e4107e",
        "firstName": "Anatol",
        "lastName": "Wiffler",
        "email": "awifflers@deviantart.com",
        "phoneNumber": "621-662-8143",
        "cards": [
          {
            "number": "5610948831598322",
            "type": "bankcard",
            "cvv": 829,
            "expiresAt": "2022-10"
          },
          {
            "number": "374622469311723",
            "type": "americanexpress",
            "cvv": 362,
            "expiresAt": "2016-12"
          }
        ]
      },
      {
        "id": "bfc406e5-8972-4c2a-9181-f2781d9bb99c",
        "firstName": "Harwell",
        "lastName": "Runsey",
        "email": "hrunseyt@hexun.com",
        "phoneNumber": "626-753-7454",
        "cards": [
          {
            "number": "201407023633047",
            "type": "diners-club-enroute",
            "cvv": 262,
            "expiresAt": "2017-03"
          },
          {
            "number": "3583512613825168",
            "type": "jcb",
            "cvv": 117,
            "expiresAt": "2021-01"
          }
        ]
      }
    ]
  },
  {
    "id": "4a9db666-41f6-4843-80bc-80e7a6029ea0",
    "name": "Schaefer LLC",
    "street": "961 Ridgeview Way",
    "city": "Lloydminster",
    "region": "Saskatchewan",
    "country": "Canada",
    "clients": [
      {
        "id": "7170bf84-06cc-42b1-abc7-52ba0d86d97f",
        "firstName": "Hildegaard",
        "lastName": "Rangall",
        "email": "hrangallu@hao123.com",
        "phoneNumber": "821-649-8590",
        "cards": [
          {
            "number": "6763504253414358",
            "type": "maestro",
            "cvv": 605,
            "expiresAt": "2017-02"
          },
          {
            "number": "3572871469261859",
            "type": "jcb",
            "cvv": 220,
            "expiresAt": "2013-05"
          }
        ]
      },
      {
        "id": "45efc60b-0f4e-4ed2-a69f-62c73a8d7814",
        "firstName": "Jacinda",
        "lastName": "Nicolson",
        "email": "jnicolsonv@github.io",
        "phoneNumber": "589-320-0957",
        "cards": [
          {
            "number": "30586811460080",
            "type": "diners-club-carte-blanche",
            "cvv": 414,
            "expiresAt": "2013-09"
          },
          {
            "number": "3564458341382002",
            "type": "jcb",
            "cvv": 258,
            "expiresAt": "2019-08"
          }
        ]
      },
      {
        "id": "6c7993a5-c528-47ef-aa61-7fb52cf22c06",
        "firstName": "Kirbie",
        "lastName": "Dameisele",
        "email": "kdameiselew@unblog.fr",
        "phoneNumber": "335-228-5080",
        "cards": [
          {
            "number": "6334932430979855870",
            "type": "solo",
            "cvv": 871,
            "expiresAt": "2018-06"
          },
          {
            "number": "341357009821895",
            "type": "americanexpress",
            "cvv": 268,
            "expiresAt": "2020-12"
          }
        ]
      }
    ]
  },
  {
    "id": "85d00e36-ebc2-4f50-b291-5867acc7e124",
    "name": "Weber, Gislason and Kozey",
    "street": "6681 Anzinger Hill",
    "city": "Fort Wayne",
    "region": "Indiana",
    "country": "United States",
    "clients": [
      {
        "id": "d5253b53-e570-4205-a785-c76bdf5535ad",
        "firstName": "Tove",
        "lastName": "Peron",
        "email": "tperonx@examiner.com",
        "phoneNumber": "670-142-6711",
        "cards": [
          {
            "number": "4917798202330026",
            "type": "visa-electron",
            "cvv": 913,
            "expiresAt": "2014-11"
          },
          {
            "number": "3538760317893711",
            "type": "jcb",
            "cvv": 771,
            "expiresAt": "2021-03"
          }
        ]
      },
      {
        "id": "f25fd043-6bd9-4467-a916-0883d9688dc8",
        "firstName": "Susanne",
        "lastName": "Trevarthen",
        "email": "strevartheny@vkontakte.ru",
        "phoneNumber": "216-544-6593",
        "cards": [
          {
            "number": "4017952987517484",
            "type": "visa",
            "cvv": 347,
            "expiresAt": "2012-04"
          },
          {
            "number": "4026043772173813",
            "type": "visa-electron",
            "cvv": 864,
            "expiresAt": "2016-07"
          }
        ]
      },
      {
        "id": "a467ec8b-f8c4-4782-9642-f00b7a12bc69",
        "firstName": "Jobye",
        "lastName": "McGarel",
        "email": "jmcgarelz@arstechnica.com",
        "phoneNumber": "508-164-8072",
        "cards": [
          {
            "number": "3588009858211027",
            "type": "jcb",
            "cvv": 408,
            "expiresAt": "2019-01"
          },
          {
            "number": "30122309202485",
            "type": "diners-club-carte-blanche",
            "cvv": 129,
            "expiresAt": "2015-09"
          }
        ]
      }
    ]
  },
  {
    "id": "b99a9977-79a6-4776-9716-203d1d080308",
    "name": "Sporer LLC",
    "street": "1596 Dixon Pass",
    "city": "Peace River",
    "region": "Alberta",
    "country": "Canada",
    "clients": [
      {
        "id": "4146f0cd-61eb-4378-be8b-2aa3ff81c92f",
        "firstName": "Celinda",
        "lastName": "Turland",
        "email": "cturland10@huffingtonpost.com",
        "phoneNumber": "274-378-5919",
        "cards": [
          {
            "number": "5551348028128465",
            "type": "diners-club-us-ca",
            "cvv": 436,
            "expiresAt": "2021-04"
          },
          {
            "number": "5100149890747473",
            "type": "mastercard",
            "cvv": 461,
            "expiresAt": "2021-10"
          }
        ]
      },
      {
        "id": "035ce9a8-fc8a-4a2e-a8b8-5cfb66404962",
        "firstName": "Starlene",
        "lastName": "Summerlad",
        "email": "ssummerlad11@bandcamp.com",
        "phoneNumber": "893-274-6560",
        "cards": [
          {
            "number": "3569098131385727",
            "type": "jcb",
            "cvv": 720,
            "expiresAt": "2012-10"
          },
          {
            "number": "3557790354445659",
            "type": "jcb",
            "cvv": 338,
            "expiresAt": "2014-04"
          }
        ]
      },
      {
        "id": "04cc5cbe-1944-4111-b556-4242f4350cd7",
        "firstName": "Meier",
        "lastName": "Fripp",
        "email": "mfripp12@tiny.cc",
        "phoneNumber": "855-368-7477",
        "cards": [
          {
            "number": "3581415619161657",
            "type": "jcb",
            "cvv": 130,
            "expiresAt": "2015-02"
          },
          {
            "number": "4917282607914825",
            "type": "visa-electron",
            "cvv": 334,
            "expiresAt": "2013-11"
          }
        ]
      }
    ]
  },
  {
    "id": "45641172-e412-4cc1-a932-d488a210feee",
    "name": "Little-Denesik",
    "street": "53 Corben Street",
    "city": "Honolulu",
    "region": "Hawaii",
    "country": "United States",
    "clients": [
      {
        "id": "21a8e107-87a8-4030-a891-80e1f86f8346",
        "firstName": "Dolorita",
        "lastName": "Huggins",
        "email": "dhuggins13@upenn.edu",
        "phoneNumber": "450-958-2102",
        "cards": [
          {
            "number": "3546321660170171",
            "type": "jcb",
            "cvv": 633,
            "expiresAt": "2017-12"
          },
          {
            "number": "06045369773302271",
            "type": "maestro",
            "cvv": 210,
            "expiresAt": "2019-04"
          }
        ]
      },
      {
        "id": "c93f5dde-8957-46af-bc09-6f1cb5be0d73",
        "firstName": "Freddi",
        "lastName": "Kinnar",
        "email": "fkinnar14@nasa.gov",
        "phoneNumber": "157-891-5308",
        "cards": [
          {
            "number": "3532475506960587",
            "type": "jcb",
            "cvv": 301,
            "expiresAt": "2020-08"
          },
          {
            "number": "4936412339161038349",
            "type": "switch",
            "cvv": 895,
            "expiresAt": "2022-01"
          }
        ]
      },
      {
        "id": "04d22960-f38a-46b0-85a9-f422fee740ac",
        "firstName": "Perry",
        "lastName": "Conaboy",
        "email": "pconaboy15@edublogs.org",
        "phoneNumber": "140-361-1701",
        "cards": [
          {
            "number": "4041376879051487",
            "type": "visa",
            "cvv": 745,
            "expiresAt": "2022-06"
          },
          {
            "number": "3564772556355945",
            "type": "jcb",
            "cvv": 847,
            "expiresAt": "2017-04"
          }
        ]
      }
    ]
  },
  {
    "id": "f97f489d-5cc4-46a5-b5c1-40d16c8303e1",
    "name": "Donnelly and Sons",
    "street": "6851 Golf Court",
    "city": "Chicago",
    "region": "Illinois",
    "country": "United States",
    "clients": [
      {
        "id": "40a21273-a84d-48a9-8b16-131b6db256fc",
        "firstName": "Marsha",
        "lastName": "Bambery",
        "email": "mbambery16@gnu.org",
        "phoneNumber": "904-739-6839",
        "cards": [
          {
            "number": "3580304767392341",
            "type": "jcb",
            "cvv": 256,
            "expiresAt": "2021-04"
          },
          {
            "number": "670618689465430035",
            "type": "laser",
            "cvv": 998,
            "expiresAt": "2021-04"
          }
        ]
      },
      {
        "id": "a2796370-5e6e-4e75-8537-13a72f16d92b",
        "firstName": "Valentia",
        "lastName": "Dutton",
        "email": "vdutton17@trellian.com",
        "phoneNumber": "245-590-6965",
        "cards": [
          {
            "number": "3552297120072952",
            "type": "jcb",
            "cvv": 812,
            "expiresAt": "2018-12"
          },
          {
            "number": "5602258674071183",
            "type": "bankcard",
            "cvv": 548,
            "expiresAt": "2012-09"
          }
        ]
      },
      {
        "id": "8817ebe0-0079-4673-8e2f-3316a913e543",
        "firstName": "Willamina",
        "lastName": "Joddens",
        "email": "wjoddens18@csmonitor.com",
        "phoneNumber": "833-149-2574",
        "cards": [
          {
            "number": "3535887542034200",
            "type": "jcb",
            "cvv": 920,
            "expiresAt": "2014-09"
          },
          {
            "number": "36862695374968",
            "type": "diners-club-international",
            "cvv": 289,
            "expiresAt": "2020-11"
          }
        ]
      }
    ]
  }
]
