[
  {
    "id": 1,
    "address": {
      "street": "57901 Rowland Drive",
      "city": "Catamayo",
      "country": "Ecuador"
    },
    "employees": [
      {
        "id": "695437ec-8a93-4335-a320-dd722459b64c",
        "firstName": "Aurelia",
        "lastName": "Korb",
        "position": "Design Engineer",
        "empType": "full-time"
      },
      {
        "id": "a470a199-b995-4c4c-a880-fd7c39c7a12b",
        "firstName": "Muire",
        "lastName": "MacTeague",
        "position": "GIS Technical Architect",
        "empType": "contractor"
      },
      {
        "id": "fece4b81-8eee-4b68-a727-21d9da993e21",
        "firstName": "Dorolice",
        "lastName": "Barsham",
        "position": "Legal Assistant",
        "empType": "contractor"
      }
    ],
    "products": [
      {
        "id": "cb9a3d63-14c4-457a-be96-e2e87bf63c52",
        "name": "Muffin - Mix - Bran And Maple 15l",
        "qty": 81,
        "usdPrice": "$23.13",
        "euroPrice": "€58,02",
        "poundPrice": "£51.61"
      },
      {
        "id": "220c2562-381d-4c24-a7ea-b1edd8279e51",
        "name": "Chickensplit Half",
        "qty": 3,
        "usdPrice": "$69.53",
        "euroPrice": "€33,64",
        "poundPrice": "£44.28"
      },
      {
        "id": "0399b739-3d4a-42fd-a04c-eceb355c0b91",
        "name": "Wine - Maipo Valle Cabernet",
        "qty": 6,
        "usdPrice": "$11.13",
        "euroPrice": "€47,03",
        "poundPrice": "£52.77"
      },
      {
        "id": "43503d68-1f39-4c4a-95df-89fdb726fa6f",
        "name": "Muffin Puck Ww Carrot",
        "qty": 71,
        "usdPrice": "$86.76",
        "euroPrice": "€81,87",
        "poundPrice": "£39.31"
      },
      {
        "id": "e5ce2cec-aa8f-4d49-838c-b712b2bede2d",
        "name": "Coffee - 10oz Cup 92961",
        "qty": 2,
        "usdPrice": "$70.17",
        "euroPrice": "€10,89",
        "poundPrice": "£83.95"
      }
    ]
  },
  {
    "id": 2,
    "address": {
      "street": "267 Gulseth Trail",
      "city": "Guashe",
      "country": "China"
    },
    "employees": [
      {
        "id": "0f4c244d-93be-4a7b-9111-8cb5cd549480",
        "firstName": "Kimbell",
        "lastName": "Zettler",
        "position": "Junior Executive",
        "empType": "part-time"
      },
      {
        "id": "a9b3995b-0efc-4994-8ebe-f1d8ce642f9a",
        "firstName": "Jaye",
        "lastName": "Arkow",
        "position": "Associate Professor",
        "empType": "part-time"
      },
      {
        "id": "817fce43-2dac-410e-aa9d-7eca1140adb1",
        "firstName": "Brianna",
        "lastName": "Spry",
        "position": "Director of Sales",
        "empType": "full-time"
      }
    ],
    "products": [
      {
        "id": "127c5116-3f30-43a7-bc55-984a766e7aa6",
        "name": "Pepper - Paprika, Hungarian",
        "qty": 6,
        "usdPrice": "$17.15",
        "euroPrice": "€35,47",
        "poundPrice": "£1.09"
      },
      {
        "id": "7072c0d9-a97c-4f0a-934a-a11f4d35f297",
        "name": "Mushroom - Crimini",
        "qty": 1,
        "usdPrice": "$87.52",
        "euroPrice": "€51,58",
        "poundPrice": "£38.28"
      },
      {
        "id": "02165ea1-66a3-4587-a3cc-4b2d3e797057",
        "name": "Soup - Campbells Chili",
        "qty": 78,
        "usdPrice": "$35.56",
        "euroPrice": "€26,94",
        "poundPrice": "£97.01"
      },
      {
        "id": "c97d0fe3-2346-4bf9-a50c-e2650dd0a941",
        "name": "Bread Fig And Almond",
        "qty": 16,
        "usdPrice": "$34.23",
        "euroPrice": "€78,03",
        "poundPrice": "£37.01"
      },
      {
        "id": "e1ec7ab8-0a22-40fc-ba5d-0fb643dd4b30",
        "name": "Beef - Rib Roast, Capless",
        "qty": 55,
        "usdPrice": "$45.27",
        "euroPrice": "€89,57",
        "poundPrice": "£95.00"
      }
    ]
  },
  {
    "id": 3,
    "address": {
      "street": "371 Hintze Trail",
      "city": "Tân Trụ",
      "country": "Vietnam"
    },
    "employees": [
      {
        "id": "bbbbd8c1-db53-485a-8392-8d76d83107ac",
        "firstName": "Ulrica",
        "lastName": "Preedy",
        "position": "Human Resources Assistant IV",
        "empType": "part-time"
      },
      {
        "id": "c15636cd-9bf5-4558-b3c8-b23868fc59ad",
        "firstName": "Robbert",
        "lastName": "Millimoe",
        "position": "General Manager",
        "empType": "contractor"
      },
      {
        "id": "74a64dd8-0308-465f-9409-717a66836013",
        "firstName": "Rufe",
        "lastName": "Caiger",
        "position": "Product Engineer",
        "empType": "contractor"
      }
    ],
    "products": [
      {
        "id": "ce14017b-57ad-4a2c-968a-7df134a7e6ea",
        "name": "Zucchini - Green",
        "qty": 7,
        "usdPrice": "$69.03",
        "euroPrice": "€70,48",
        "poundPrice": "£74.05"
      },
      {
        "id": "b5bff4cb-2226-43a3-823d-323702f54a47",
        "name": "Bread - 10 Grain Parisian",
        "qty": 71,
        "usdPrice": "$24.39",
        "euroPrice": "€86,83",
        "poundPrice": "£82.09"
      },
      {
        "id": "9f84ce4a-0651-4b5e-85a8-2963dd3e4ae7",
        "name": "Smoked Paprika",
        "qty": 85,
        "usdPrice": "$7.63",
        "euroPrice": "€70,70",
        "poundPrice": "£15.79"
      },
      {
        "id": "158befbc-140a-4a86-a95c-b1836b159332",
        "name": "Table Cloth 91x91 Colour",
        "qty": 60,
        "usdPrice": "$79.56",
        "euroPrice": "€70,95",
        "poundPrice": "£99.58"
      },
      {
        "id": "a81baf19-878a-4be0-839f-f71b858f4079",
        "name": "Wine - Two Oceans Sauvignon",
        "qty": 59,
        "usdPrice": "$83.16",
        "euroPrice": "€47,82",
        "poundPrice": "£88.48"
      }
    ]
  },
  {
    "id": 4,
    "address": {
      "street": "81 Moose Place",
      "city": "Shuikou",
      "country": "China"
    },
    "employees": [
      {
        "id": "ddd8cc06-94c5-4ace-93f0-c4f889f9d00c",
        "firstName": "Philippine",
        "lastName": "Anderl",
        "position": "Financial Advisor",
        "empType": "part-time"
      },
      {
        "id": "73d84e71-19f7-49e7-bd93-8eba983e599d",
        "firstName": "Aileen",
        "lastName": "Gillean",
        "position": "VP Marketing",
        "empType": "contractor"
      },
      {
        "id": "10cb5d4b-813a-48be-a4cf-4153f6f3d385",
        "firstName": "Herschel",
        "lastName": "Triebner",
        "position": "Nurse",
        "empType": "contractor"
      }
    ],
    "products": [
      {
        "id": "49e330e4-da07-4225-aed6-5e6fd0436e86",
        "name": "Couscous",
        "qty": 74,
        "usdPrice": "$70.01",
        "euroPrice": "€17,49",
        "poundPrice": "£45.10"
      },
      {
        "id": "2ea8aa9b-670e-470c-ba26-a941689bd628",
        "name": "Soup - Campbells, Classic Chix",
        "qty": 65,
        "usdPrice": "$11.32",
        "euroPrice": "€0,78",
        "poundPrice": "£91.65"
      },
      {
        "id": "a76c2134-88bb-4b6f-83e9-0c29b9093ef4",
        "name": "Red Currant Jelly",
        "qty": 1,
        "usdPrice": "$68.79",
        "euroPrice": "€76,11",
        "poundPrice": "£65.14"
      },
      {
        "id": "1c314c15-e772-45fe-8de8-316089eb135b",
        "name": "Ecolab - Hobart Washarm End Cap",
        "qty": 53,
        "usdPrice": "$17.71",
        "euroPrice": "€48,64",
        "poundPrice": "£5.97"
      },
      {
        "id": "bd6f090b-114a-4f24-a4c9-55862eb0c82e",
        "name": "Lamb - Pieces, Diced",
        "qty": 36,
        "usdPrice": "$32.37",
        "euroPrice": "€9,45",
        "poundPrice": "£74.93"
      }
    ]
  },
  {
    "id": 5,
    "address": {
      "street": "185 Crescent Oaks Plaza",
      "city": "Karangsari",
      "country": "Indonesia"
    },
    "employees": [
      {
        "id": "65c37bda-0935-4e85-a6b1-a099ce045953",
        "firstName": "Rahel",
        "lastName": "Foskin",
        "position": "Occupational Therapist",
        "empType": "part-time"
      },
      {
        "id": "7c3014be-c46c-4350-aa48-70b23109d592",
        "firstName": "Moina",
        "lastName": "Nezey",
        "position": "Assistant Professor",
        "empType": "part-time"
      },
      {
        "id": "f2a14e20-7eff-474f-9edf-5790f6588fe1",
        "firstName": "Ira",
        "lastName": "Gusticke",
        "position": "Social Worker",
        "empType": "full-time"
      }
    ],
    "products": [
      {
        "id": "d8324e09-3c04-4d94-b8c0-b9d283e110b8",
        "name": "Peach - Halves",
        "qty": 35,
        "usdPrice": "$12.84",
        "euroPrice": "€80,34",
        "poundPrice": "£89.28"
      },
      {
        "id": "b5f5bb06-0b8c-4388-99dd-4925eebce730",
        "name": "Wine - Piper Heidsieck Brut",
        "qty": 43,
        "usdPrice": "$51.10",
        "euroPrice": "€1,18",
        "poundPrice": "£49.67"
      },
      {
        "id": "ec43bf05-ec1f-40b5-8aa1-90df53deedcd",
        "name": "Butter - Pod",
        "qty": 7,
        "usdPrice": "$85.69",
        "euroPrice": "€36,05",
        "poundPrice": "£85.01"
      },
      {
        "id": "8052f4ad-fc71-4c93-abeb-eeacf0ad8994",
        "name": "Skewers - Bamboo",
        "qty": 18,
        "usdPrice": "$12.45",
        "euroPrice": "€79,84",
        "poundPrice": "£81.68"
      },
      {
        "id": "842ef6ec-8944-4658-9417-84ec0f8e80d9",
        "name": "Water - Tonic",
        "qty": 38,
        "usdPrice": "$84.93",
        "euroPrice": "€70,98",
        "poundPrice": "£51.62"
      }
    ]
  },
  {
    "id": 6,
    "address": {
      "street": "914 Butterfield Pass",
      "city": "Barra do Corda",
      "country": "Brazil"
    },
    "employees": [
      {
        "id": "3096703f-175c-4618-af44-d536739d0c8b",
        "firstName": "Kerk",
        "lastName": "Moses",
        "position": "Dental Hygienist",
        "empType": "full-time"
      },
      {
        "id": "82f5aad9-e71d-444b-9f20-8db50cee93f5",
        "firstName": "Zed",
        "lastName": "Chidley",
        "position": "Marketing Assistant",
        "empType": "full-time"
      },
      {
        "id": "7ba2374f-5396-4493-aedd-eb10dcfde2b4",
        "firstName": "Flss",
        "lastName": "Ovens",
        "position": "Assistant Manager",
        "empType": "full-time"
      }
    ],
    "products": [
      {
        "id": "11bb7773-d76d-47c6-ac98-35409e2eca68",
        "name": "Soup - Campbells, Beef Barley",
        "qty": 38,
        "usdPrice": "$83.26",
        "euroPrice": "€3,09",
        "poundPrice": "£31.36"
      },
      {
        "id": "002143e1-34b2-412b-b023-9e6e2b205336",
        "name": "Bread - Roll, Whole Wheat",
        "qty": 24,
        "usdPrice": "$27.00",
        "euroPrice": "€25,90",
        "poundPrice": "£62.70"
      },
      {
        "id": "871f4c1f-500d-4f69-95cd-7ed525163bb4",
        "name": "Seabream Whole Farmed",
        "qty": 46,
        "usdPrice": "$44.85",
        "euroPrice": "€95,05",
        "poundPrice": "£59.54"
      },
      {
        "id": "2743147f-98b9-4cd1-afcd-968f4993d4b3",
        "name": "Pasta - Lasagna, Dry",
        "qty": 67,
        "usdPrice": "$40.56",
        "euroPrice": "€9,77",
        "poundPrice": "£3.60"
      },
      {
        "id": "d0129138-eff8-455d-93a0-037f80dcf226",
        "name": "Energy Drink",
        "qty": 90,
        "usdPrice": "$43.64",
        "euroPrice": "€99,26",
        "poundPrice": "£41.23"
      }
    ]
  },
  {
    "id": 7,
    "address": {
      "street": "56749 Wayridge Lane",
      "city": "Zhuanqukou",
      "country": "China"
    },
    "employees": [
      {
        "id": "10de0705-d600-41dd-afc0-87be6a5f7a80",
        "firstName": "Freddie",
        "lastName": "Olohan",
        "position": "VP Accounting",
        "empType": "part-time"
      },
      {
        "id": "5451cfd5-78f0-46d5-b5b9-f11b951221cc",
        "firstName": "Geralda",
        "lastName": "Durrell",
        "position": "Speech Pathologist",
        "empType": "contractor"
      },
      {
        "id": "d656dd4b-9414-4073-98bb-cc7eca7cbd9f",
        "firstName": "Lacee",
        "lastName": "Smithson",
        "position": "Staff Accountant IV",
        "empType": "contractor"
      }
    ],
    "products": [
      {
        "id": "6e6204db-1d2f-47f3-a5d6-6f9171430a72",
        "name": "Sauce - Roasted Red Pepper",
        "qty": 35,
        "usdPrice": "$79.19",
        "euroPrice": "€17,14",
        "poundPrice": "£88.82"
      },
      {
        "id": "0c57c439-64f8-4f91-9ccd-eb5ba0ce7a3b",
        "name": "Dikon",
        "qty": 36,
        "usdPrice": "$43.21",
        "euroPrice": "€87,02",
        "poundPrice": "£67.72"
      },
      {
        "id": "32827912-54be-4711-bd88-43e229ff3fcf",
        "name": "Trout - Rainbow, Frozen",
        "qty": 8,
        "usdPrice": "$62.10",
        "euroPrice": "€39,00",
        "poundPrice": "£99.26"
      },
      {
        "id": "9d2ece44-c0c3-4241-91fc-1bcfcbe430af",
        "name": "Beef - Ground Medium",
        "qty": 92,
        "usdPrice": "$71.86",
        "euroPrice": "€23,36",
        "poundPrice": "£87.09"
      },
      {
        "id": "d5668536-a673-445b-a3a2-f90c3c7762b3",
        "name": "Pastry - Banana Tea Loaf",
        "qty": 57,
        "usdPrice": "$18.99",
        "euroPrice": "€0,50",
        "poundPrice": "£69.43"
      }
    ]
  },
  {
    "id": 8,
    "address": {
      "street": "57 Longview Terrace",
      "city": "Luhyny",
      "country": "Ukraine"
    },
    "employees": [
      {
        "id": "af62c346-c5b1-4106-8653-3212327e6e91",
        "firstName": "Gar",
        "lastName": "Booty",
        "position": "Desktop Support Technician",
        "empType": "contractor"
      },
      {
        "id": "bb44670c-7ce4-4c06-8696-c9d5ff54c484",
        "firstName": "Tessa",
        "lastName": "Gowans",
        "position": "Assistant Media Planner",
        "empType": "full-time"
      },
      {
        "id": "dc5df167-bf62-4433-b089-7d48f62f431e",
        "firstName": "Mandi",
        "lastName": "Haye",
        "position": "Clinical Specialist",
        "empType": "part-time"
      }
    ],
    "products": [
      {
        "id": "8c288a93-72aa-4110-8463-11dca2aeb0a5",
        "name": "Wine - Jafflin Bourgongone",
        "qty": 7,
        "usdPrice": "$86.82",
        "euroPrice": "€43,89",
        "poundPrice": "£69.19"
      },
      {
        "id": "fee68cb7-5390-4663-af2b-714976d4b7db",
        "name": "Rice Pilaf, Dry,package",
        "qty": 68,
        "usdPrice": "$14.75",
        "euroPrice": "€12,77",
        "poundPrice": "£3.24"
      },
      {
        "id": "2f2a581a-6560-4bf7-ab2a-a6d0087b3355",
        "name": "Cheese - Provolone",
        "qty": 94,
        "usdPrice": "$94.63",
        "euroPrice": "€47,22",
        "poundPrice": "£8.24"
      },
      {
        "id": "e5a010d0-7990-4965-939d-b226f5620bd4",
        "name": "Venison - Racks Frenched",
        "qty": 36,
        "usdPrice": "$20.09",
        "euroPrice": "€52,12",
        "poundPrice": "£94.70"
      },
      {
        "id": "80533147-95d2-44be-bec1-b74d00f5c048",
        "name": "Quail - Whole, Boneless",
        "qty": 6,
        "usdPrice": "$11.25",
        "euroPrice": "€77,15",
        "poundPrice": "£13.55"
      }
    ]
  },
  {
    "id": 9,
    "address": {
      "street": "276 Lillian Alley",
      "city": "Cibeureum Satu",
      "country": "Indonesia"
    },
    "employees": [
      {
        "id": "6dda47ab-3e6f-4261-b459-70ca609d18dc",
        "firstName": "Aldridge",
        "lastName": "Gilgryst",
        "position": "Actuary",
        "empType": "part-time"
      },
      {
        "id": "f0cc28c4-58c7-472d-835f-e211850b4f8b",
        "firstName": "Eal",
        "lastName": "Slyvester",
        "position": "Graphic Designer",
        "empType": "contractor"
      },
      {
        "id": "635a9ac9-dea1-465c-a8fc-0708b3269087",
        "firstName": "Giustino",
        "lastName": "Skittrell",
        "position": "Desktop Support Technician",
        "empType": "contractor"
      }
    ],
    "products": [
      {
        "id": "1ffa5260-361c-4804-aa71-16b4f3203a66",
        "name": "Chicken - Whole Roasting",
        "qty": 97,
        "usdPrice": "$73.54",
        "euroPrice": "€24,87",
        "poundPrice": "£13.59"
      },
      {
        "id": "6cc466cf-353a-477c-bbad-d1452b06d427",
        "name": "Onions - Red Pearl",
        "qty": 41,
        "usdPrice": "$84.38",
        "euroPrice": "€40,44",
        "poundPrice": "£17.73"
      },
      {
        "id": "dd94ecb9-2a1f-4642-90b5-167d917ac89b",
        "name": "Onions - Pearl",
        "qty": 11,
        "usdPrice": "$45.40",
        "euroPrice": "€73,11",
        "poundPrice": "£82.10"
      },
      {
        "id": "2ea832e3-4630-470b-8136-0129f289e47d",
        "name": "Nori Sea Weed",
        "qty": 22,
        "usdPrice": "$77.37",
        "euroPrice": "€21,82",
        "poundPrice": "£86.37"
      },
      {
        "id": "b8f22403-c72f-4d7d-88fd-a09ee019f485",
        "name": "Rice - Brown",
        "qty": 20,
        "usdPrice": "$88.22",
        "euroPrice": "€24,61",
        "poundPrice": "£77.10"
      }
    ]
  },
  {
    "id": 10,
    "address": {
      "street": "32 Manitowish Hill",
      "city": "Villa Urquiza",
      "country": "Argentina"
    },
    "employees": [
      {
        "id": "ded2f16e-929d-419e-b646-7e2052ec2be0",
        "firstName": "Andi",
        "lastName": "Lugsdin",
        "position": "Marketing Assistant",
        "empType": "contractor"
      },
      {
        "id": "f81af41e-b074-467f-b253-276d4b251c4a",
        "firstName": "Launce",
        "lastName": "Livingston",
        "position": "Marketing Assistant",
        "empType": "full-time"
      },
      {
        "id": "14516bca-b8ac-438b-85d2-e1dcfb56a59b",
        "firstName": "Wendel",
        "lastName": "Billett",
        "position": "Chief Design Engineer",
        "empType": "part-time"
      }
    ],
    "products": [
      {
        "id": "fd6c53ef-845c-4c4c-9d9f-e4f91095650e",
        "name": "Flower - Dish Garden",
        "qty": 56,
        "usdPrice": "$10.15",
        "euroPrice": "€34,70",
        "poundPrice": "£49.10"
      },
      {
        "id": "266dc38b-fb3e-4559-86ca-957b921a36d6",
        "name": "Quinoa",
        "qty": 35,
        "usdPrice": "$68.06",
        "euroPrice": "€15,63",
        "poundPrice": "£9.06"
      },
      {
        "id": "3940dbde-18ec-4d80-8c06-5bce7977ba42",
        "name": "Milkettes - 2%",
        "qty": 67,
        "usdPrice": "$20.53",
        "euroPrice": "€89,19",
        "poundPrice": "£46.34"
      },
      {
        "id": "7715b17f-86b7-4558-bc79-8a24ed78d88c",
        "name": "Yoplait Drink",
        "qty": 76,
        "usdPrice": "$84.08",
        "euroPrice": "€88,26",
        "poundPrice": "£99.07"
      },
      {
        "id": "fab678e5-ce70-417f-9cb5-bd6797e6b9af",
        "name": "Watercress",
        "qty": 44,
        "usdPrice": "$6.86",
        "euroPrice": "€21,47",
        "poundPrice": "£69.96"
      }
    ]
  },
  {
    "id": 11,
    "address": {
      "street": "3 Merry Lane",
      "city": "Pittsburgh",
      "region": "Pennsylvania",
      "country": "United States"
    },
    "employees": [
      {
        "id": "1f1ce1dd-b89a-4b6f-a4b0-8db5699f9297",
        "firstName": "Emmerich",
        "lastName": "Shooter",
        "position": "Staff Accountant I",
        "empType": "contractor"
      },
      {
        "id": "1ae58a96-64f6-44a4-aa0f-9e8b152c99b9",
        "firstName": "Codi",
        "lastName": "Dugget",
        "position": "Administrative Assistant III",
        "empType": "contractor"
      },
      {
        "id": "89afde32-76fc-4e35-9663-c28652ef9637",
        "firstName": "Jannelle",
        "lastName": "Beagley",
        "position": "Actuary",
        "empType": "full-time"
      }
    ],
    "products": [
      {
        "id": "be7f9dfb-7888-4d8e-b7d0-f1274b5c63d5",
        "name": "Cocoa Butter",
        "qty": 37,
        "usdPrice": "$14.94",
        "euroPrice": "€68,56",
        "poundPrice": "£1.65"
      },
      {
        "id": "b80c7be2-5299-4666-87ff-19a910f9b487",
        "name": "Wine - Rubyport",
        "qty": 33,
        "usdPrice": "$12.52",
        "euroPrice": "€17,40",
        "poundPrice": "£25.35"
      },
      {
        "id": "e64d2a9d-58ce-4a02-9934-c0cb6b3a4de6",
        "name": "Appetizer - Tarragon Chicken",
        "qty": 39,
        "usdPrice": "$48.85",
        "euroPrice": "€7,68",
        "poundPrice": "£56.51"
      },
      {
        "id": "e669892c-dd67-4a5a-a2de-5741db421065",
        "name": "Napkin Colour",
        "qty": 59,
        "usdPrice": "$7.79",
        "euroPrice": "€81,86",
        "poundPrice": "£86.75"
      },
      {
        "id": "64253dea-f5f3-4218-a4a9-13e809abb976",
        "name": "Flour - Teff",
        "qty": 28,
        "usdPrice": "$98.46",
        "euroPrice": "€85,09",
        "poundPrice": "£84.21"
      }
    ]
  },
  {
    "id": 12,
    "address": {
      "street": "47595 Anthes Lane",
      "city": "Bulawin",
      "country": "Philippines"
    },
    "employees": [
      {
        "id": "04ef76d0-9483-49eb-90c1-fd9f7c4ea05e",
        "firstName": "Liva",
        "lastName": "Schutze",
        "position": "Professor",
        "empType": "contractor"
      },
      {
        "id": "4099e8e3-89db-4aae-b968-30fab0323c7c",
        "firstName": "Brewster",
        "lastName": "Wansbury",
        "position": "Engineer II",
        "empType": "contractor"
      },
      {
        "id": "4e13bcd2-4977-472e-b354-18a4e6fed127",
        "firstName": "Emmy",
        "lastName": "Grevile",
        "position": "VP Quality Control",
        "empType": "contractor"
      }
    ],
    "products": [
      {
        "id": "40238a9e-5731-486d-8bc8-071260c80330",
        "name": "Compound - Mocha",
        "qty": 51,
        "usdPrice": "$89.81",
        "euroPrice": "€79,67",
        "poundPrice": "£48.63"
      },
      {
        "id": "2fcf59fd-2dd8-4d55-9aab-e400d4782a1a",
        "name": "Seedlings - Buckwheat, Organic",
        "qty": 23,
        "usdPrice": "$82.82",
        "euroPrice": "€60,01",
        "poundPrice": "£47.88"
      },
      {
        "id": "1bd40613-5dd9-4b59-bad5-3d063ba8b2b2",
        "name": "Bagel - Plain",
        "qty": 60,
        "usdPrice": "$58.16",
        "euroPrice": "€32,29",
        "poundPrice": "£11.77"
      },
      {
        "id": "59fb6721-c196-4ba1-9717-3511a2b4212e",
        "name": "Steampan - Lid For Half Size",
        "qty": 99,
        "usdPrice": "$81.04",
        "euroPrice": "€32,55",
        "poundPrice": "£96.24"
      },
      {
        "id": "8626e8a7-d1d3-48b8-9a33-000b6c868b6d",
        "name": "Cookie Choc",
        "qty": 54,
        "usdPrice": "$95.80",
        "euroPrice": "€9,20",
        "poundPrice": "£47.32"
      }
    ]
  },
  {
    "id": 13,
    "address": {
      "street": "8593 Lerdahl Pass",
      "city": "Fenghuangshan",
      "country": "China"
    },
    "employees": [
      {
        "id": "8b6f9f6a-51c0-4bbf-9a57-9956ccabad99",
        "firstName": "Muffin",
        "lastName": "Overthrow",
        "position": "VP Accounting",
        "empType": "full-time"
      },
      {
        "id": "0e9176dc-1d8d-44db-a12a-3405ee3550cf",
        "firstName": "Jan",
        "lastName": "Spurgin",
        "position": "Project Manager",
        "empType": "part-time"
      },
      {
        "id": "c026a964-cb37-446f-8d31-66086627d9e7",
        "firstName": "Wolfie",
        "lastName": "Piser",
        "position": "Analog Circuit Design manager",
        "empType": "part-time"
      }
    ],
    "products": [
      {
        "id": "1958ac43-2877-4194-85ab-25cd94ef0c4f",
        "name": "Asparagus - White, Canned",
        "qty": 71,
        "usdPrice": "$7.42",
        "euroPrice": "€57,90",
        "poundPrice": "£27.21"
      },
      {
        "id": "4cdf154d-a02f-46e3-9d8e-15be1ff0c272",
        "name": "Pork - Kidney",
        "qty": 76,
        "usdPrice": "$98.31",
        "euroPrice": "€40,76",
        "poundPrice": "£74.01"
      },
      {
        "id": "af4638b8-c071-487e-b7ae-983bf7cb81aa",
        "name": "Ginger - Fresh",
        "qty": 6,
        "usdPrice": "$56.12",
        "euroPrice": "€91,75",
        "poundPrice": "£63.04"
      },
      {
        "id": "82bb162c-40f2-455a-b47b-dceb52aec0f1",
        "name": "Oil - Truffle, Black",
        "qty": 81,
        "usdPrice": "$70.23",
        "euroPrice": "€43,39",
        "poundPrice": "£83.40"
      },
      {
        "id": "fbfdb7c4-c4a4-4c42-931e-f585f4fa366b",
        "name": "Chicken - Ground",
        "qty": 24,
        "usdPrice": "$72.56",
        "euroPrice": "€19,94",
        "poundPrice": "£34.71"
      }
    ]
  },
  {
    "id": 14,
    "address": {
      "street": "68 Leroy Terrace",
      "city": "Okotoks",
      "region": "Alberta",
      "country": "Canada"
    },
    "employees": [
      {
        "id": "3f492e41-0d26-4499-b1e7-a19c9df5944e",
        "firstName": "Fleurette",
        "lastName": "Perl",
        "position": "Editor",
        "empType": "contractor"
      },
      {
        "id": "07b9f96e-b118-42f0-bfb6-9676b1980cf3",
        "firstName": "Cinda",
        "lastName": "Gregore",
        "position": "Product Engineer",
        "empType": "part-time"
      },
      {
        "id": "a44416bb-b722-426d-9694-8c4002e93f2a",
        "firstName": "Catina",
        "lastName": "Zamora",
        "position": "Registered Nurse",
        "empType": "contractor"
      }
    ],
    "products": [
      {
        "id": "94639e21-ec99-43dc-923a-e65cf992a842",
        "name": "Longos - Assorted Sandwich",
        "qty": 53,
        "usdPrice": "$10.58",
        "euroPrice": "€88,24",
        "poundPrice": "£54.21"
      },
      {
        "id": "6492e8fd-801a-4bae-90f8-c34e812d39f4",
        "name": "Rabbit - Saddles",
        "qty": 27,
        "usdPrice": "$70.83",
        "euroPrice": "€65,69",
        "poundPrice": "£18.49"
      },
      {
        "id": "d6b53b74-bd0c-4e49-9099-d88a1a6718d0",
        "name": "Duck - Legs",
        "qty": 43,
        "usdPrice": "$10.67",
        "euroPrice": "€9,39",
        "poundPrice": "£98.10"
      },
      {
        "id": "473e239b-c0e2-452b-9db5-faf11834eaf3",
        "name": "Bread - 10 Grain Parisian",
        "qty": 95,
        "usdPrice": "$43.22",
        "euroPrice": "€79,87",
        "poundPrice": "£99.38"
      },
      {
        "id": "f17300d3-ecc1-42af-b0c1-dacc28dc0943",
        "name": "Cattail Hearts",
        "qty": 33,
        "usdPrice": "$87.39",
        "euroPrice": "€13,65",
        "poundPrice": "£55.86"
      }
    ]
  },
  {
    "id": 15,
    "address": {
      "street": "674 Gale Crossing",
      "city": "Mangere",
      "country": "New Zealand"
    },
    "employees": [
      {
        "id": "37d37f3f-cb0b-48c2-aabf-078b945e0754",
        "firstName": "Sheryl",
        "lastName": "Richmond",
        "position": "Financial Analyst",
        "empType": "contractor"
      },
      {
        "id": "027ef6a2-67da-4a53-8673-c21ce82c3995",
        "firstName": "Logan",
        "lastName": "Stading",
        "position": "GIS Technical Architect",
        "empType": "full-time"
      },
      {
        "id": "75f8b5fc-7654-452c-8ff1-18cbec9bd029",
        "firstName": "Hubey",
        "lastName": "Pimblett",
        "position": "Pharmacist",
        "empType": "contractor"
      }
    ],
    "products": [
      {
        "id": "d37d997a-4f4c-41b8-b315-1ef613897ce0",
        "name": "Jam - Strawberry, 20 Ml Jar",
        "qty": 97,
        "usdPrice": "$72.48",
        "euroPrice": "€52,96",
        "poundPrice": "£67.75"
      },
      {
        "id": "16fd618d-31fa-4ccd-93f8-97613a017516",
        "name": "Wine - Two Oceans Sauvignon",
        "qty": 8,
        "usdPrice": "$49.63",
        "euroPrice": "€47,56",
        "poundPrice": "£14.58"
      },
      {
        "id": "a1795e10-d62e-44db-80b2-6c58778cd578",
        "name": "Cheese - Mozzarella, Shredded",
        "qty": 66,
        "usdPrice": "$85.72",
        "euroPrice": "€22,39",
        "poundPrice": "£32.05"
      },
      {
        "id": "49522419-ddb9-4101-bcfd-f87758b801fc",
        "name": "Table Cloth - 53x69 Colour",
        "qty": 62,
        "usdPrice": "$28.95",
        "euroPrice": "€41,29",
        "poundPrice": "£57.91"
      },
      {
        "id": "1f791030-453e-4379-b52e-e48f5e628f0a",
        "name": "Soup - Beef Conomme, Dry",
        "qty": 56,
        "usdPrice": "$57.30",
        "euroPrice": "€81,97",
        "poundPrice": "£4.41"
      }
    ]
  }
]
