<?xml version="1.0" encoding="utf-8"?>
<?xml-stylesheet type="text/xsl" href="sft.xsl"?>
<!DOCTYPE software [
<!ELEMENT software (JSON_ARRAY+)>
<!ELEMENT JSON_ARRAY (cName, stockSymbol, domain, apps, employees)>
<!ELEMENT cName (#PCDATA)>
<!ELEMENT stockSymbol (#PCDATA)>
<!ELEMENT domain (#PCDATA)>
<!ELEMENT apps (app+)>
<!ELEMENT app (appsID, appsName, currentVersion, url)>
<!ELEMENT appsID (#PCDATA)>
<!ELEMENT appsName (#PCDATA)>
<!ELEMENT currentVersion (#PCDATA)>
<!ELEMENT url (#PCDATA)>
<!ELEMENT employees (employee+)>
<!ELEMENT employee (eID, fName, lName, email, userName, occupation, department, device)>
<!ELEMENT eID (#PCDATA)>
<!ELEMENT fName (#PCDATA)>
<!ELEMENT lName (#PCDATA)>
<!ELEMENT email (#PCDATA)>
<!ELEMENT userName (#PCDATA)>
<!ELEMENT occupation (#PCDATA)>
<!ELEMENT department (#PCDATA)>
<!ELEMENT device (ip, mac)>
<!ELEMENT ip (#PCDATA)>
<!ELEMENT mac (#PCDATA)>
]>
<software>
    <JSON_ARRAY>
      <cName>Photobug</cName>
      <stockSymbol>BHACU</stockSymbol>
      <domain>usa.gov</domain>
      <apps>
        <app>
          <appsID>60576ab0-32e0-4e79-b10b-672d54ae34af</appsID>
          <appsName>Konklux</appsName>
          <currentVersion>7.1</currentVersion>
          <url>https://abc.net.au/leo/maecenas/pulvinar/lobortis.js</url>
        </app>
        <app>
          <appsID>467f9209-b2c9-423f-870c-b1fb886cc82a</appsID>
          <appsName>Bitchip</appsName>
          <currentVersion>0.58</currentVersion>
          <url>http://microsoft.com/libero/nullam/sit/amet.js</url>
        </app>
      </apps>
      <employees>
        <employee>
          <eID>cb2f2d80-f520-4fa1-95a7-fcb662bcff66</eID>
          <fName>Margarete</fName>
          <lName>Mathey</lName>
          <email>mmathey1y@google.com</email>
          <userName>mmathey1y</userName>
          <occupation>Help Desk Operator</occupation>
          <department>Research and Development</department>
          <device>
            <ip>74.185.189.194</ip>
            <mac>21-83-56-EB-0E-02</mac>
          </device>
        </employee>
        <employee>
          <eID>2ca41121-3475-4255-ae6b-b70501b49fb3</eID>
          <fName>Leora</fName>
          <lName>Hundell</lName>
          <email>lhundell1z@360.cn</email>
          <userName>lhundell1z</userName>
          <occupation>Pharmacist</occupation>
          <department>Engineering</department>
          <device>
            <ip>40.151.153.140</ip>
            <mac>81-CA-ED-79-65-29</mac>
          </device>
        </employee>
        <employee>
          <eID>ac6abbe8-bda5-484a-8f44-d652c1629293</eID>
          <fName>Othilie</fName>
          <lName>Tutchell</lName>
          <email>otutchell20@opensource.org</email>
          <userName>otutchell20</userName>
          <occupation>Environmental Specialist</occupation>
          <department>Marketing</department>
          <device>
            <ip>130.23.244.213</ip>
            <mac>5C-2D-3C-96-40-63</mac>
          </device>
        </employee>
        <employee>
          <eID>8385421f-5099-4b79-bb26-b9578899b240</eID>
          <fName>Melvyn</fName>
          <lName>Skpsey</lName>
          <email>mskpsey21@adobe.com</email>
          <userName>mskpsey21</userName>
          <occupation>Statistician I</occupation>
          <department>Services</department>
          <device>
            <ip>92.158.201.238</ip>
            <mac>F5-8E-83-B7-F2-13</mac>
          </device>
        </employee>
        <employee>
          <eID>db6878f6-5975-420b-883b-0a66b56f43b5</eID>
          <fName>Alayne</fName>
          <lName>Wrathall</lName>
          <email>awrathall22@whitehouse.gov</email>
          <userName>awrathall22</userName>
          <occupation>Teacher</occupation>
          <department>Support</department>
          <device>
            <ip>222.105.189.50</ip>
            <mac>8B-15-5D-6C-71-85</mac>
          </device>
        </employee>
      </employees>
    </JSON_ARRAY>
    <JSON_ARRAY>
        <cName>Yata</cName>
        <stockSymbol>APOG</stockSymbol>
        <domain>disqus.com</domain>
        <apps>
          <app>
            <appsID>e2dbfb5a-8e98-4074-a2d0-4007ea49e96c</appsID>
            <appsName>Viva</appsName>
            <currentVersion>0.1.5</currentVersion>
            <url>https://boston.com/enim/blandit/mi/in/porttitor/pede.html</url>
          </app>
          <app>
            <appsID>80ee77f1-9567-4235-9b60-8f9c50fbfd18</appsID>
            <appsName>Subin</appsName>
            <currentVersion>8.2</currentVersion>
            <url>https://purevolume.com/in/sapien/iaculis.aspx</url>
          </app>
        </apps>
        <employees>
          <employee>
            <eID>befd4197-928e-48e4-8c8d-96b21b6e118c</eID>
            <fName>Annecorinne</fName>
            <lName>Coupe</lName>
            <email>acoupe1t@smh.com.au</email>
            <userName>acoupe1t</userName>
            <occupation>Systems Administrator I</occupation>
            <department>Legal</department>
            <device>
              <ip>231.83.52.248</ip>
              <mac>83-4A-AA-4E-5C-C1</mac>
            </device>
          </employee>
          <employee>
            <eID>ec86a682-f1aa-45fb-8fcd-e853ca86529a</eID>
            <fName>Lea</fName>
            <lName>Laity</lName>
            <email>llaity1u@flickr.com</email>
            <userName>llaity1u</userName>
            <occupation>Web Developer III</occupation>
            <department>Sales</department>
            <device>
              <ip>42.175.207.173</ip>
              <mac>CA-09-00-18-1F-B8</mac>
            </device>
          </employee>
          <employee>
            <eID>2ed47fe0-e659-4034-8d21-c952eca197a4</eID>
            <fName>Teddi</fName>
            <lName>Isard</lName>
            <email>tisard1v@theglobeandmail.com</email>
            <userName>tisard1v</userName>
            <occupation>Senior Quality Engineer</occupation>
            <department>Marketing</department>
            <device>
              <ip>98.238.172.211</ip>
              <mac>F6-45-55-DF-C9-20</mac>
            </device>
          </employee>
          <employee>
            <eID>1069a855-6d54-491d-a44e-c8a11d279c09</eID>
            <fName>Amber</fName>
            <lName>Lenney</lName>
            <email>alenney1w@telegraph.co.uk</email>
            <userName>alenney1w</userName>
            <occupation>Research Nurse</occupation>
            <department>Business Development</department>
            <device>
              <ip>111.191.39.214</ip>
              <mac>52-7E-3A-2F-C5-83</mac>
            </device>
          </employee>
          <employee>
            <eID>0a965db1-0c2d-438a-8883-c3ef79730dbd</eID>
            <fName>Izzy</fName>
            <lName>Burgill</lName>
            <email>iburgill1x@mayoclinic.com</email>
            <userName>iburgill1x</userName>
            <occupation>Office Assistant III</occupation>
            <department>Engineering</department>
            <device>
              <ip>95.36.249.144</ip>
              <mac>CF-66-91-73-E5-43</mac>
            </device>
          </employee>
        </employees>
    </JSON_ARRAY>
    <JSON_ARRAY>
        <cName>Oyope</cName>
        <stockSymbol>EXAS</stockSymbol>
        <domain>sciencedirect.com</domain>
        <apps>
          <app>
            <appsID>cdfacdb6-cd6f-46cb-bdef-7997dd19322b</appsID>
            <appsName>Andalax</appsName>
            <currentVersion>5.1.8</currentVersion>
            <url>https://scribd.com/integer/aliquet/massa/id/lobortis/convallis/tortor.aspx</url>
          </app>
          <app>
            <appsID>1dfb900f-3ae7-4b57-b822-c5c69e8fd14c</appsID>
            <appsName>Fintone</appsName>
            <currentVersion>0.94</currentVersion>
            <url>https://goo.gl/morbi/vestibulum.json</url>
          </app>
        </apps>
        <employees>
          <employee>
            <eID>cc7966de-0859-4a9a-bffc-d6895dab7777</eID>
            <fName>Norah</fName>
            <lName>Jenkison</lName>
            <email>njenkison1o@gov.uk</email>
            <userName>njenkison1o</userName>
            <occupation>Civil Engineer</occupation>
            <department>Training</department>
            <device>
              <ip>172.137.147.153</ip>
              <mac>DA-A4-00-A3-9E-C2</mac>
            </device>
          </employee>
          <employee>
            <eID>4aa19ac3-19e8-4cba-93e9-d1be01604be7</eID>
            <fName>Gottfried</fName>
            <lName>Eykel</lName>
            <email>geykel1p@symantec.com</email>
            <userName>geykel1p</userName>
            <occupation>Editor</occupation>
            <department>Engineering</department>
            <device>
              <ip>53.212.155.117</ip>
              <mac>2A-80-FA-7E-BF-50</mac>
            </device>
          </employee>
          <employee>
            <eID>884d4665-142c-4c48-b0dc-18d716386f82</eID>
            <fName>Emilie</fName>
            <lName>Bartle</lName>
            <email>ebartle1q@oracle.com</email>
            <userName>ebartle1q</userName>
            <occupation>Computer Systems Analyst I</occupation>
            <department>Support</department>
            <device>
              <ip>46.237.248.113</ip>
              <mac>CB-A1-79-E0-4D-1A</mac>
            </device>
          </employee>
          <employee>
            <eID>7b85b050-beb8-444a-8af3-49b0735a35ee</eID>
            <fName>Maximo</fName>
            <lName>Shillan</lName>
            <email>mshillan1r@imdb.com</email>
            <userName>mshillan1r</userName>
            <occupation>Research Associate</occupation>
            <department>Sales</department>
            <device>
              <ip>91.12.32.179</ip>
              <mac>C1-C9-1D-6F-B8-D2</mac>
            </device>
          </employee>
          <employee>
            <eID>3991b0d8-c5e3-42bd-9b7e-545f562da9c7</eID>
            <fName>Amelita</fName>
            <lName>Swaddle</lName>
            <email>aswaddle1s@w3.org</email>
            <userName>aswaddle1s</userName>
            <occupation>Senior Editor</occupation>
            <department>Engineering</department>
            <device>
              <ip>91.219.145.150</ip>
              <mac>4C-CC-DE-0E-B2-63</mac>
            </device>
          </employee>
        </employees>
    </JSON_ARRAY>
    <JSON_ARRAY>
        <cName>Aimbu</cName>
        <stockSymbol>ECC</stockSymbol>
        <domain>wikimedia.org</domain>
        <apps>
          <app>
            <appsID>4e3c1511-f80e-4ca4-b90c-d9c2346e4c09</appsID>
            <appsName>Solarbreeze</appsName>
            <currentVersion>9.65</currentVersion>
            <url>http://nbcnews.com/ut/dolor/morbi/vel/lectus/in.jsp</url>
          </app>
          <app>
            <appsID>402f074a-4ffe-4c30-bb39-284c78ad307b</appsID>
            <appsName>Trippledex</appsName>
            <currentVersion>8.4.1</currentVersion>
            <url>https://hp.com/dapibus/duis/at/velit/eu/est/congue.xml</url>
          </app>
        </apps>
        <employees>
            <employee>
              <eID>f5c31524-4b5a-4125-a99b-0438f0c34f5e</eID>
              <fName>Walther</fName>
              <lName>Seville</lName>
              <email>wseville1j@wordpress.org</email>
              <userName>wseville1j</userName>
              <occupation>Structural Analysis Engineer</occupation>
              <department>Research and Development</department>
              <device>
                <ip>143.190.43.178</ip>
                <mac>C5-82-95-D8-AE-50</mac>
              </device>
            </employee>
            <employee>
              <eID>b12e1afd-38cc-489e-b9c7-4ef3cc029445</eID>
              <fName>Cyrus</fName>
              <lName>Banbrick</lName>
              <email>cbanbrick1k@liveinternet.ru</email>
              <userName>cbanbrick1k</userName>
              <occupation>Nurse</occupation>
              <department>Support</department>
              <device>
                <ip>63.237.104.254</ip>
                <mac>37-3E-9F-99-99-28</mac>
              </device>
            </employee>
            <employee>
              <eID>cf838f7f-3d36-4406-94bb-f87077335b84</eID>
              <fName>Filippa</fName>
              <lName>Ivanchov</lName>
              <email>fivanchov1l@craigslist.org</email>
              <userName>fivanchov1l</userName>
              <occupation>Nuclear Power Engineer</occupation>
              <department>Business Development</department>
              <device>
                <ip>211.196.140.88</ip>
                <mac>F0-90-6C-EF-81-9D</mac>
              </device>
            </employee>
            <employee>
              <eID>0b8808dd-1c36-4d3a-a18f-dd3545182ff1</eID>
              <fName>Renault</fName>
              <lName>Barnwille</lName>
              <email>rbarnwille1m@about.me</email>
              <userName>rbarnwille1m</userName>
              <occupation>Senior Quality Engineer</occupation>
              <department>Support</department>
              <device>
                <ip>65.5.144.85</ip>
                <mac>7E-77-91-4A-9C-8F</mac>
              </device>
            </employee>
            <employee>
              <eID>c1f2baba-c2b3-426a-bd03-756145c4340c</eID>
              <fName>Pavlov</fName>
              <lName>Doerling</lName>
              <email>pdoerling1n@networkadvertising.org</email>
              <userName>pdoerling1n</userName>
              <occupation>Analog Circuit Design manager</occupation>
              <department>Marketing</department>
              <device>
                <ip>27.67.88.127</ip>
                <mac>A4-8D-2C-24-4A-96</mac>
              </device>
            </employee>
          </employees>
      </JSON_ARRAY>
      <JSON_ARRAY>
        <cName>Thoughtworks</cName>
        <stockSymbol>BSQR</stockSymbol>
        <domain>bloomberg.com</domain>
        <apps>
          <app>
            <appsID>8f7cd7d9-22b9-40f7-8084-21670497c278</appsID>
            <appsName>Latlux</appsName>
            <currentVersion>8.54</currentVersion>
            <url>https://list-manage.com/phasellus.js</url>
          </app>
          <app>
            <appsID>779c719a-82e2-4ecb-b4d1-71c434a6ada2</appsID>
            <appsName>Gembucket</appsName>
            <currentVersion>3.24</currentVersion>
            <url>https://ftc.gov/congue/vivamus/metus.png</url>
          </app>
        </apps>
        <employees>
            <employee>
              <eID>4b8b2fef-c8d1-4923-8312-3590b48d14af</eID>
              <fName>Donella</fName>
              <lName>O'Dea</lName>
              <email>dodea1e@yelp.com</email>
              <userName>dodea1e</userName>
              <occupation>Librarian</occupation>
              <department>Product Management</department>
              <device>
                <ip>111.129.20.72</ip>
                <mac>9D-C4-30-D2-D6-EC</mac>
              </device>
            </employee>
            <employee>
              <eID>6eff7b69-b99f-48d1-bfac-ccb02eb42603</eID>
              <fName>Romonda</fName>
              <lName>Randal</lName>
              <email>rrandal1f@earthlink.net</email>
              <userName>rrandal1f</userName>
              <occupation>VP Product Management</occupation>
              <department>Support</department>
              <device>
                <ip>64.141.150.48</ip>
                <mac>0D-BD-2B-3E-6A-BB</mac>
              </device>
            </employee>
            <employee>
              <eID>e0d04b75-7758-4388-b5ec-1f3985082099</eID>
              <fName>Alexi</fName>
              <lName>Shillaber</lName>
              <email>ashillaber1g@ifeng.com</email>
              <userName>ashillaber1g</userName>
              <occupation>Professor</occupation>
              <department>Engineering</department>
              <device>
                <ip>175.79.230.240</ip>
                <mac>2A-7C-BC-95-DB-58</mac>
              </device>
            </employee>
            <employee>
              <eID>1f7cc433-e001-4dfb-906a-6756c9fd1cd3</eID>
              <fName>Pauletta</fName>
              <lName>Niese</lName>
              <email>pniese1h@sfgate.com</email>
              <userName>pniese1h</userName>
              <occupation>Chemical Engineer</occupation>
              <department>Training</department>
              <device>
                <ip>107.167.67.60</ip>
                <mac>39-AC-51-FA-C7-1F</mac>
              </device>
            </employee>
            <employee>
              <eID>efab8db6-0eeb-4652-8241-74d683b845f7</eID>
              <fName>Thedric</fName>
              <lName>Talks</lName>
              <email>ttalks1i@indiatimes.com</email>
              <userName>ttalks1i</userName>
              <occupation>Compensation Analyst</occupation>
              <department>Sales</department>
              <device>
                <ip>0.231.134.144</ip>
                <mac>63-D0-6F-2E-18-30</mac>
              </device>
            </employee>
          </employees>
      </JSON_ARRAY>
      <JSON_ARRAY>
        <cName>Twimm</cName>
        <stockSymbol>WTBA</stockSymbol>
        <domain>forbes.com</domain>
        <apps>
          <app>
            <appsID>d2738bca-d4b9-407c-a08f-a6861ffff9f2</appsID>
            <appsName>Biodex</appsName>
            <currentVersion>0.43</currentVersion>
            <url>http://zimbio.com/leo/maecenas/pulvinar.jpg</url>
          </app>
          <app>
            <appsID>993d2932-1616-4ddd-bfad-74f25beb7ef6</appsID>
            <appsName>Rank</appsName>
            <currentVersion>0.8.8</currentVersion>
            <url>http://constantcontact.com/nascetur.jpg</url>
          </app>
        </apps>
        <employees>
            <employee>
              <eID>c4db7a1b-c68a-4258-8ad0-ce21555823da</eID>
              <fName>Powell</fName>
              <lName>Bigg</lName>
              <email>pbigg19@pbs.org</email>
              <userName>pbigg19</userName>
              <occupation>VP Sales</occupation>
              <department>Training</department>
              <device>
                <ip>135.53.8.164</ip>
                <mac>4E-08-55-49-12-EF</mac>
              </device>
            </employee>
            <employee>
              <eID>6c5e3012-558c-40e0-a806-e0b02416857b</eID>
              <fName>Humberto</fName>
              <lName>Giberd</lName>
              <email>hgiberd1a@list-manage.com</email>
              <userName>hgiberd1a</userName>
              <occupation>Budget/Accounting Analyst II</occupation>
              <department>Product Management</department>
              <device>
                <ip>42.18.30.213</ip>
                <mac>69-3E-20-52-34-B4</mac>
              </device>
            </employee>
            <employee>
              <eID>4bf8a4b1-5805-4c0d-a66a-03ad62b66840</eID>
              <fName>Augustine</fName>
              <lName>Barclay</lName>
              <email>abarclay1b@hatena.ne.jp</email>
              <userName>abarclay1b</userName>
              <occupation>Associate Professor</occupation>
              <department>Sales</department>
              <device>
                <ip>233.113.134.29</ip>
                <mac>0F-D1-CC-C0-28-D8</mac>
              </device>
            </employee>
            <employee>
              <eID>13d16511-60d6-40c5-b088-616e1bc41add</eID>
              <fName>Clywd</fName>
              <lName>Whitehead</lName>
              <email>cwhitehead1c@mac.com</email>
              <userName>cwhitehead1c</userName>
              <occupation>Geologist IV</occupation>
              <department>Sales</department>
              <device>
                <ip>118.246.255.99</ip>
                <mac>60-11-7B-68-E8-9D</mac>
              </device>
            </employee>
            <employee>
              <eID>c6f0705e-05f3-4d55-a998-764702f3697f</eID>
              <fName>Malvina</fName>
              <lName>Maken</lName>
              <email>mmaken1d@tumblr.com</email>
              <userName>mmaken1d</userName>
              <occupation>Chemical Engineer</occupation>
              <department>Product Management</department>
              <device>
                <ip>67.107.173.169</ip>
                <mac>47-23-9F-97-09-D3</mac>
              </device>
            </employee>
          </employees>
      </JSON_ARRAY>
      <JSON_ARRAY>
        <cName>Tagpad</cName>
        <stockSymbol>CSRA</stockSymbol>
        <domain>telegraph.co.uk</domain>
        <apps>
          <app>
            <appsID>b66dda16-df0d-4fbc-a46c-a6c46c618628</appsID>
            <appsName>Konklux</appsName>
            <currentVersion>0.9.2</currentVersion>
            <url>http://linkedin.com/nulla.xml</url>
          </app>
          <app>
            <appsID>87eefc7c-5a9c-4a14-a776-cbb1a59b9f87</appsID>
            <appsName>Y-Solowarm</appsName>
            <currentVersion>0.2.7</currentVersion>
            <url>https://qq.com/metus/aenean/fermentum/donec/ut/mauris.html</url>
          </app>
        </apps>
        <employees>
            <employee>
              <eID>ddc0607c-ff47-4ac6-8010-9e73097f9443</eID>
              <fName>Honoria</fName>
              <lName>Ceschelli</lName>
              <email>hceschelli14@aol.com</email>
              <userName>hceschelli14</userName>
              <occupation>Marketing Assistant</occupation>
              <department>Support</department>
              <device>
                <ip>22.173.4.167</ip>
                <mac>F2-B6-66-10-D0-F4</mac>
              </device>
            </employee>
            <employee>
              <eID>603162df-e55f-441e-a4ca-96624925e7f2</eID>
              <fName>Kayne</fName>
              <lName>Featherstonehaugh</lName>
              <email>kfeatherstonehaugh15@skype.com</email>
              <userName>kfeatherstonehaugh15</userName>
              <occupation>Senior Financial Analyst</occupation>
              <department>Support</department>
              <device>
                <ip>254.35.47.140</ip>
                <mac>69-A8-F7-DE-EC-05</mac>
              </device>
            </employee>
            <employee>
              <eID>1e027e11-8676-4ca8-b80b-01689ab674bb</eID>
              <fName>Mellie</fName>
              <lName>Quinet</lName>
              <email>mquinet16@delicious.com</email>
              <userName>mquinet16</userName>
              <occupation>Engineer II</occupation>
              <department>Human Resources</department>
              <device>
                <ip>202.28.241.175</ip>
                <mac>86-D5-4A-24-2A-4A</mac>
              </device>
            </employee>
            <employee>
              <eID>3f96a9cd-774e-402d-967b-f1589425efc7</eID>
              <fName>Wade</fName>
              <lName>Godilington</lName>
              <email>wgodilington17@jugem.jp</email>
              <userName>wgodilington17</userName>
              <occupation>Executive Secretary</occupation>
              <department>Accounting</department>
              <device>
                <ip>139.25.237.204</ip>
                <mac>C9-E9-B6-1A-36-00</mac>
              </device>
            </employee>
            <employee>
              <eID>9077ab22-840c-4267-a20b-c2f36afd4542</eID>
              <fName>Torin</fName>
              <lName>Wynne</lName>
              <email>twynne18@forbes.com</email>
              <userName>twynne18</userName>
              <occupation>Compensation Analyst</occupation>
              <department>Legal</department>
              <device>
                <ip>98.43.236.218</ip>
                <mac>73-1C-46-70-8D-0D</mac>
              </device>
            </employee>
          </employees>
      </JSON_ARRAY>
      <JSON_ARRAY>
        <cName>Izio</cName>
        <stockSymbol>NIHD</stockSymbol>
        <domain>i2i.jp</domain>
        <apps>
          <app>
            <appsID>427ffcf1-7f03-4322-aea0-0251b1bee118</appsID>
            <appsName>Sonair</appsName>
            <currentVersion>0.16</currentVersion>
            <url>https://so-net.ne.jp/cubilia/curae/mauris.jpg</url>
          </app>
          <app>
            <appsID>2367b3d0-228d-4673-ac8b-675bbb34f32e</appsID>
            <appsName>Sub-Ex</appsName>
            <currentVersion>7.1</currentVersion>
            <url>http://upenn.edu/ante/ipsum.js</url>
          </app>
        </apps>
        <employees>
            <employee>
              <eID>b0be3842-4da7-44e3-9421-ae69d40ad082</eID>
              <fName>Norrie</fName>
              <lName>Bellham</lName>
              <email>nbellhamz@samsung.com</email>
              <userName>nbellhamz</userName>
              <occupation>Actuary</occupation>
              <department>Marketing</department>
              <device>
                <ip>55.87.51.9</ip>
                <mac>22-E7-29-9B-A0-93</mac>
              </device>
            </employee>
            <employee>
              <eID>cc0ad73b-860a-4e19-bfa0-d20c42f3a981</eID>
              <fName>Chaim</fName>
              <lName>Torn</lName>
              <email>ctorn10@bravesites.com</email>
              <userName>ctorn10</userName>
              <occupation>Assistant Professor</occupation>
              <department>Services</department>
              <device>
                <ip>131.200.243.95</ip>
                <mac>0D-EB-35-3A-C6-C6</mac>
              </device>
            </employee>
            <employee>
              <eID>f3b20338-f1ad-4a14-adae-586f299b2cba</eID>
              <fName>Sylvia</fName>
              <lName>Rumbellow</lName>
              <email>srumbellow11@uol.com.br</email>
              <userName>srumbellow11</userName>
              <occupation>Business Systems Development Analyst</occupation>
              <department>Accounting</department>
              <device>
                <ip>205.43.188.197</ip>
                <mac>AC-9A-18-F7-99-9A</mac>
              </device>
            </employee>
            <employee>
              <eID>df58e169-3f39-4834-9ded-ae3ac620793b</eID>
              <fName>Dacy</fName>
              <lName>Stukings</lName>
              <email>dstukings12@over-blog.com</email>
              <userName>dstukings12</userName>
              <occupation>Biostatistician II</occupation>
              <department>Accounting</department>
              <device>
                <ip>12.226.198.95</ip>
                <mac>31-91-7C-16-C2-8E</mac>
              </device>
            </employee>
            <employee>
              <eID>ac064bc8-c95a-4b71-9a91-267832243374</eID>
              <fName>Aubrey</fName>
              <lName>Whitaker</lName>
              <email>awhitaker13@phpbb.com</email>
              <userName>awhitaker13</userName>
              <occupation>Assistant Media Planner</occupation>
              <department>Legal</department>
              <device>
                <ip>165.156.153.217</ip>
                <mac>93-B7-9D-73-C7-89</mac>
              </device>
            </employee>
          </employees>
      </JSON_ARRAY>
      <JSON_ARRAY>
        <cName>Buzzshare</cName>
        <stockSymbol>MOV</stockSymbol>
        <domain>cargocollective.com</domain>
        <apps>
          <app>
            <appsID>abb593dc-db1b-45bb-8181-cf3542cb8b47</appsID>
            <appsName>Redhold</appsName>
            <currentVersion>7.4</currentVersion>
            <url>https://dion.ne.jp/montes/nascetur/ridiculus/mus.jsp</url>
          </app>
          <app>
            <appsID>a0137668-40b9-4216-984a-93b21afed404</appsID>
            <appsName>Hatity</appsName>
            <currentVersion>9.36</currentVersion>
            <url>https://marketwatch.com/ante/vivamus.jpg</url>
          </app>
        </apps>
        <employees>
            <employee>
                <eID>c25a911c-7622-4038-ba40-c47650c722d1</eID>
                <fName>Richmound</fName>
                <lName>Le Provost</lName>
                <email>rleprovostu@quantcast.com</email>
                <userName>rleprovostu</userName>
                <occupation>Administrative Officer</occupation>
                <department>Human Resources</department>
                <device>
                    <ip>47.220.34.74</ip>
                    <mac>21-FC-4A-F5-86-E4</mac>
                </device>
            </employee>
            <employee>
                <eID>7ce881cf-e098-48a7-811f-2d8b7f37a2c1</eID>
                <fName>Dorine</fName>
                <lName>Malimoe</lName>
                <email>dmalimoev@amazonaws.com</email>
                <userName>dmalimoev</userName>
                <occupation>Structural Analysis Engineer</occupation>
                <department>Human Resources</department>
                <device>
                    <ip>155.42.242.99</ip>
                    <mac>89-D6-9A-5F-AB-7D</mac>
                </device>
            </employee>
            <employee>
                <eID>20bbd7af-8013-4b67-b533-a69858e666a5</eID>
                <fName>Burton</fName>
                <lName>Espinos</lName>
                <email>bespinosw@a8.net</email>
                <userName>bespinosw</userName>
                <occupation>Programmer I</occupation>
                <department>Support</department>
                <device>
                    <ip>104.233.185.88</ip>
                    <mac>A7-2C-B3-E3-1E-29</mac>
                </device>
            </employee>
            <employee>
                <eID>2913fb60-09e7-4371-9728-51b121ec5882</eID>
                <fName>Raquel</fName>
                <lName>Golden of Ireland</lName>
                <email>rgoldenofirelandx@behance.net</email>
                <userName>rgoldenofirelandx</userName>
                <occupation>Civil Engineer</occupation>
                <department>Product Management</department>
                <device>
                    <ip>4.36.66.65</ip>
                    <mac>25-FB-75-9C-C1-C6</mac>
                </device>
            </employee>
            <employee>
                <eID>f18573f0-e46b-4aae-bc18-4b64f4f97b64</eID>
                <fName>Cammie</fName>
                <lName>MacMaykin</lName>
                <email>cmacmaykiny@businesswire.com</email>
                <userName>cmacmaykiny</userName>
                <occupation>Database Administrator I</occupation>
                <department>Support</department>
                <device>
                    <ip>93.148.102.248</ip>
                    <mac>03-0B-27-C3-90-CA</mac>
                </device>
            </employee>
        </employees>
      </JSON_ARRAY>
      <JSON_ARRAY>
        <cName>Yakitri</cName>
        <stockSymbol>LGND</stockSymbol>
        <domain>ed.gov</domain>
        <apps>
          <app>
            <appsID>f9128c2a-418c-40b2-86b0-1d645fec26b4</appsID>
            <appsName>Konklab</appsName>
            <currentVersion>0.37</currentVersion>
            <url>https://gravatar.com/pede/libero/quis/orci/nullam/molestie.jsp</url>
          </app>
          <app>
            <appsID>5090633d-f1a4-434e-a8e7-255b84c626e1</appsID>
            <appsName>Voyatouch</appsName>
            <currentVersion>4.09</currentVersion>
            <url>http://ehow.com/nibh/in/hac/habitasse/platea/dictumst/aliquam.js</url>
          </app>
        </apps>
        <employees>
            <employee>
              <eID>5e3eac81-7ef3-4271-9fa8-fe6aeb0b4346</eID>
              <fName>Edvard</fName>
              <lName>Halgarth</lName>
              <email>ehalgarthp@xinhuanet.com</email>
              <userName>ehalgarthp</userName>
              <occupation>Professor</occupation>
              <department>Services</department>
              <device>
                <ip>168.217.170.17</ip>
                <mac>B0-B2-B5-07-21-ED</mac>
              </device>
            </employee>
            <employee>
              <eID>ea29865f-031d-40a9-a1cd-250843e825ed</eID>
              <fName>Karlotta</fName>
              <lName>Henbury</lName>
              <email>khenburyq@abc.net.au</email>
              <userName>khenburyq</userName>
              <occupation>Financial Analyst</occupation>
              <department>Research and Development</department>
              <device>
                <ip>204.242.204.125</ip>
                <mac>8B-57-5D-A2-62-7B</mac>
              </device>
            </employee>
            <employee>
              <eID>f4d72d45-f383-4408-b0b4-6960c30d6c92</eID>
              <fName>Drud</fName>
              <lName>Aireton</lName>
              <email>dairetonr@pbs.org</email>
              <userName>dairetonr</userName>
              <occupation>Senior Developer</occupation>
              <department>Legal</department>
              <device>
                <ip>105.235.130.240</ip>
                <mac>95-29-87-F6-68-D6</mac>
              </device>
            </employee>
            <employee>
              <eID>07233753-8510-4b7c-9529-8d82689e8cc8</eID>
              <fName>Goldie</fName>
              <lName>Warret</lName>
              <email>gwarrets@github.com</email>
              <userName>gwarrets</userName>
              <occupation>VP Product Management</occupation>
              <department>Business Development</department>
              <device>
                <ip>172.118.141.31</ip>
                <mac>82-15-01-38-15-AD</mac>
              </device>
            </employee>
            <employee>
              <eID>21af952f-2309-4e51-94e0-24823560d49f</eID>
              <fName>Garwin</fName>
              <lName>Washtell</lName>
              <email>gwashtellt@skype.com</email>
              <userName>gwashtellt</userName>
              <occupation>Assistant Professor</occupation>
              <department>Marketing</department>
              <device>
                <ip>85.102.216.70</ip>
                <mac>42-D3-B2-E7-32-F9</mac>
              </device>
            </employee>
          </employees>
      </JSON_ARRAY>
      <JSON_ARRAY>
        <cName>Rooxo</cName>
        <stockSymbol>GBLI</stockSymbol>
        <domain>reddit.com</domain>
        <apps>
          <app>
            <appsID>3c790f96-5eca-496d-8765-37e610b7748e</appsID>
            <appsName>Keylex</appsName>
            <currentVersion>5.1.8</currentVersion>
            <url>http://engadget.com/purus/phasellus/in/felis.json</url>
          </app>
          <app>
            <appsID>5167e027-81c6-4bf3-915f-e948df560fe7</appsID>
            <appsName>Viva</appsName>
            <currentVersion>0.98</currentVersion>
            <url>https://prweb.com/justo/morbi/ut/odio/cras.json</url>
          </app>
        </apps>
        <employees>
            <employee>
              <eID>3651fcec-7ce2-4cd3-9720-c10982823b18</eID>
              <fName>Melonie</fName>
              <lName>Leatham</lName>
              <email>mleathamk@w3.org</email>
              <userName>mleathamk</userName>
              <occupation>Analog Circuit Design manager</occupation>
              <department>Support</department>
              <device>
                <ip>30.228.25.119</ip>
                <mac>38-2F-45-EB-D0-CC</mac>
              </device>
            </employee>
            <employee>
              <eID>b03ed904-79ef-419d-9037-c5ea7f759d6f</eID>
              <fName>Kristian</fName>
              <lName>Goulthorp</lName>
              <email>kgoulthorpl@moonfruit.com</email>
              <userName>kgoulthorpl</userName>
              <occupation>Engineer III</occupation>
              <department>Business Development</department>
              <device>
                <ip>81.69.78.45</ip>
                <mac>32-23-AE-40-FE-72</mac>
              </device>
            </employee>
            <employee>
              <eID>895346c4-31a8-432e-ba05-5bc4b9dad8f7</eID>
              <fName>Huey</fName>
              <lName>Benne</lName>
              <email>hbennem@engadget.com</email>
              <userName>hbennem</userName>
              <occupation>Librarian</occupation>
              <department>Sales</department>
              <device>
                <ip>196.94.182.16</ip>
                <mac>1B-EE-44-F4-F5-5F</mac>
              </device>
            </employee>
            <employee>
              <eID>f9e953a2-e2d9-4bb2-b13e-4404a0da68e2</eID>
              <fName>Nisse</fName>
              <lName>Hartzenberg</lName>
              <email>nhartzenbergn@nymag.com</email>
              <userName>nhartzenbergn</userName>
              <occupation>Mechanical Systems Engineer</occupation>
              <department>Research and Development</department>
              <device>
                <ip>14.171.178.81</ip>
                <mac>E0-E2-56-1D-C8-6D</mac>
              </device>
            </employee>
            <employee>
              <eID>5fad9927-1155-46a3-a7b3-0ee8d9c2ef7a</eID>
              <fName>Andras</fName>
              <lName>Yuryshev</lName>
              <email>ayuryshevo@hexun.com</email>
              <userName>ayuryshevo</userName>
              <occupation>Food Chemist</occupation>
              <department>Support</department>
              <device>
                <ip>226.248.247.224</ip>
                <mac>E8-9A-45-BF-EA-FB</mac>
              </device>
            </employee>
          </employees>
      </JSON_ARRAY>
      <JSON_ARRAY>
        <cName>Jabbercube</cName>
        <stockSymbol>IVR^A</stockSymbol>
        <domain>storify.com</domain>
        <apps>
          <app>
            <appsID>416e97f7-364a-4903-a5ef-69bddc9e80a2</appsID>
            <appsName>Tempsoft</appsName>
            <currentVersion>0.56</currentVersion>
            <url>https://tiny.cc/posuere/metus/vitae/ipsum.jpg</url>
          </app>
          <app>
            <appsID>a48cb82b-2799-4e43-95e8-79c1675d7730</appsID>
            <appsName>Voltsillam</appsName>
            <currentVersion>0.12</currentVersion>
            <url>http://live.com/libero/rutrum.jsp</url>
          </app>
        </apps>
        <employees>
            <employee>
                <eID>a4d29dec-f55e-4e1a-afb6-c775abfc164e</eID>
                <fName>Rodger</fName>
                <lName>Campaigne</lName>
                <email>rcampaignef@wufoo.com</email>
                <userName>rcampaignef</userName>
                <occupation>Civil Engineer</occupation>
                <department>Business Development</department>
                <device>
                    <ip>151.97.56.246</ip>
                    <mac>8D-06-00-C9-EB-89</mac>
                </device>
            </employee>
            <employee>
                <eID>d1179118-9e4d-4229-bbc7-4916c97b6f2d</eID>
                <fName>Ralf</fName>
                <lName>Croyser</lName>
                <email>rcroyserg@reddit.com</email>
                <userName>rcroyserg</userName>
                <occupation>Teacher</occupation>
                <department>Support</department>
                <device>
                    <ip>204.219.210.103</ip>
                    <mac>DA-75-DD-5C-20-ED</mac>
                </device>
            </employee>
            <employee>
                <eID>1b3d9438-8d64-480f-a6a4-a362b3fb4fd1</eID>
                <fName>Fredrika</fName>
                <lName>Hathorn</lName>
                <email>fhathornh@freewebs.com</email>
                <userName>fhathornh</userName>
                <occupation>Legal Assistant</occupation>
                <department>Product Management</department>
                <device>
                    <ip>253.105.236.136</ip>
                    <mac>E0-7A-A8-F8-DB-E4</mac>
                </device>
            </employee>
            <employee>
                <eID>01a9828a-2de1-458a-b6fc-37b570fe4603</eID>
                <fName>Brittan</fName>
                <lName>Chong</lName>
                <email>bchongi@nymag.com</email>
                <userName>bchongi</userName>
                <occupation>Assistant Professor</occupation>
                <department>Human Resources</department>
                <device>
                    <ip>165.72.137.229</ip>
                    <mac>FE-BB-CE-41-29-10</mac>
                </device>
            </employee>
            <employee>
                <eID>90c4bc97-cfd7-48e2-a4d5-ec6630cf0ebb</eID>
                <fName>Darya</fName>
                <lName>Deboick</lName>
                <email>ddeboickj@bloglovin.com</email>
                <userName>ddeboickj</userName>
                <occupation>Nurse</occupation>
                <department>Research and Development</department>
                <device>
                    <ip>119.136.12.243</ip>
                    <mac>D3-7F-35-45-24-7B</mac>
                </device>
            </employee>
        </employees>
      </JSON_ARRAY>
      <JSON_ARRAY>
        <cName>Lazzy</cName>
        <stockSymbol>APEI</stockSymbol>
        <domain>ovh.net</domain>
        <apps>
          <app>
            <appsID>749ca665-9db3-4aca-ace9-3ec10dd8fedd</appsID>
            <appsName>Y-Solowarm</appsName>
            <currentVersion>6.4.9</currentVersion>
            <url>https://noaa.gov/eget/rutrum/at/lorem.js</url>
          </app>
          <app>
            <appsID>8d916f7a-f807-41f2-9330-2a648ef79409</appsID>
            <appsName>Tin</appsName>
            <currentVersion>0.42</currentVersion>
            <url>http://friendfeed.com/curabitur/gravida/nisi/at/nibh/in/hac.jsp</url>
          </app>
        </apps>
        <employees>
            <employee>
              <eID>ae9973ad-1150-4859-abc4-fb53dc3c835c</eID>
              <fName>Emyle</fName>
              <lName>Freeman</lName>
              <email>efreemana@amazonaws.com</email>
              <userName>efreemana</userName>
              <occupation>Account Coordinator</occupation>
              <department>Sales</department>
              <device>
                <ip>17.148.222.15</ip>
                <mac>44-F6-92-BC-E8-AD</mac>
              </device>
            </employee>
            <employee>
              <eID>8bf1ffa0-a3c9-4f3b-a4dc-bde36bc06b74</eID>
              <fName>Aeriela</fName>
              <lName>Fleisch</lName>
              <email>afleischb@sfgate.com</email>
              <userName>afleischb</userName>
              <occupation>Analog Circuit Design manager</occupation>
              <department>Legal</department>
              <device>
                <ip>104.44.108.156</ip>
                <mac>2D-FF-68-57-4C-B6</mac>
              </device>
            </employee>
            <employee>
              <eID>7ae21139-93e8-4080-b06b-da236e6bed10</eID>
              <fName>Lucretia</fName>
              <lName>McClune</lName>
              <email>lmcclunec@businessinsider.com</email>
              <userName>lmcclunec</userName>
              <occupation>Community Outreach Specialist</occupation>
              <department>Support</department>
              <device>
                <ip>180.46.111.86</ip>
                <mac>AF-5C-09-6F-29-D3</mac>
              </device>
            </employee>
            <employee>
              <eID>841301fd-282a-4cdf-a786-26201fe9c028</eID>
              <fName>Jethro</fName>
              <lName>Gelly</lName>
              <email>jgellyd@chicagotribune.com</email>
              <userName>jgellyd</userName>
              <occupation>Nurse</occupation>
              <department>Business Development</department>
              <device>
                <ip>191.5.17.97</ip>
                <mac>66-6F-94-38-6B-B9</mac>
              </device>
            </employee>
            <employee>
              <eID>c948cbde-19ba-43b6-b54d-e441ae2ee17e</eID>
              <fName>Jere</fName>
              <lName>Milward</lName>
              <email>jmilwarde@hatena.ne.jp</email>
              <userName>jmilwarde</userName>
              <occupation>Software Consultant</occupation>
              <department>Engineering</department>
              <device>
                <ip>21.6.44.200</ip>
                <mac>75-60-0D-2B-CF-D8</mac>
              </device>
            </employee>
          </employees>
      </JSON_ARRAY>
      <JSON_ARRAY>
        <cName>Blognation</cName>
        <stockSymbol>SMBC</stockSymbol>
        <domain>digg.com</domain>
        <apps>
          <app>
            <appsID>862682f0-2af7-4779-818d-f781882d01b7</appsID>
            <appsName>Holdlamis</appsName>
            <currentVersion>4.09</currentVersion>
            <url>https://gmpg.org/mauris/laoreet/ut/rhoncus/aliquet/pulvinar/sed.xml</url>
          </app>
          <app>
            <appsID>1fb4621a-f2e9-4991-a31b-7948bdbc4a55</appsID>
            <appsName>Bitwolf</appsName>
            <currentVersion>7.56</currentVersion>
            <url>http://gizmodo.com/et/tempus/semper/est/quam/pharetra/magna.png</url>
          </app>
        </apps>
        <employees>
            <employee>
              <eID>b22c4896-f3d0-4565-b8b1-232cf4e418c6</eID>
              <fName>Francklyn</fName>
              <lName>Cohan</lName>
              <email>fcohan5@fema.gov</email>
              <userName>fcohan5</userName>
              <occupation>Sales Associate</occupation>
              <department>Training</department>
              <device>
                <ip>183.10.255.158</ip>
                <mac>14-CE-6D-77-49-41</mac>
              </device>
            </employee>
            <employee>
              <eID>06461d76-5eab-4e25-9b57-6c0a041bf206</eID>
              <fName>Cooper</fName>
              <lName>Morphet</lName>
              <email>cmorphet6@blogger.com</email>
              <userName>cmorphet6</userName>
              <occupation>Community Outreach Specialist</occupation>
              <department>Engineering</department>
              <device>
                <ip>191.240.195.180</ip>
                <mac>36-D5-7D-1C-F3-06</mac>
              </device>
            </employee>
            <employee>
              <eID>ca66fd30-3f6c-45f0-9db0-4862d28003e9</eID>
              <fName>Malva</fName>
              <lName>Bedbury</lName>
              <email>mbedbury7@sohu.com</email>
              <userName>mbedbury7</userName>
              <occupation>Systems Administrator IV</occupation>
              <department>Accounting</department>
              <device>
                <ip>165.23.253.202</ip>
                <mac>11-E4-7B-BE-17-9F</mac>
              </device>
            </employee>
            <employee>
              <eID>9e328e87-3414-4276-ac18-4b43de1f9a1b</eID>
              <fName>Meier</fName>
              <lName>Pantecost</lName>
              <email>mpantecost8@weebly.com</email>
              <userName>mpantecost8</userName>
              <occupation>Clinical Specialist</occupation>
              <department>Human Resources</department>
              <device>
                <ip>131.142.126.59</ip>
                <mac>E9-8A-CA-0C-A3-15</mac>
              </device>
            </employee>
            <employee>
              <eID>b4fb3eec-56bd-417b-bd5d-d4fbcde88658</eID>
              <fName>Marielle</fName>
              <lName>Wythill</lName>
              <email>mwythill9@vkontakte.ru</email>
              <userName>mwythill9</userName>
              <occupation>Junior Executive</occupation>
              <department>Human Resources</department>
              <device>
                <ip>69.81.92.23</ip>
                <mac>2B-FC-8D-69-1A-A5</mac>
              </device>
            </employee>
          </employees>
      </JSON_ARRAY>
      <JSON_ARRAY>
        <cName>Mymm</cName>
        <stockSymbol>NOVT</stockSymbol>
        <domain>ehow.com</domain>
        <apps>
          <app>
            <appsID>aa9026c9-5253-4dce-b840-cf1f43b3b4c6</appsID>
            <appsName>Bytecard</appsName>
            <currentVersion>7.4</currentVersion>
            <url>http://netlog.com/montes/nascetur/ridiculus.html</url>
          </app>
          <app>
            <appsID>bdb513d0-870e-4908-821b-a90d22a45623</appsID>
            <appsName>Fix San</appsName>
            <currentVersion>0.2.9</currentVersion>
            <url>https://engadget.com/curabitur.aspx</url>
          </app>
        </apps>
        <employees>
            <employee>
              <eID>1866de08-e421-4c6c-9530-4a7cb684e623</eID>
              <fName>Oren</fName>
              <lName>Alessandrucci</lName>
              <email>oalessandrucci0@vk.com</email>
              <userName>oalessandrucci0</userName>
              <occupation>Actuary</occupation>
              <department>Engineering</department>
              <device>
                <ip>181.15.157.125</ip>
                <mac>C6-95-C0-5D-2D-5D</mac>
              </device>
            </employee>
            <employee>
              <eID>8b0938bb-4e37-4f7d-a6f3-b682ea127758</eID>
              <fName>Ode</fName>
              <lName>Smoote</lName>
              <email>osmoote1@howstuffworks.com</email>
              <userName>osmoote1</userName>
              <occupation>Human Resources Assistant II</occupation>
              <department>Training</department>
              <device>
                <ip>139.81.66.154</ip>
                <mac>D4-57-1D-0F-2F-F5</mac>
              </device>
            </employee>
            <employee>
              <eID>b455ccb7-af7a-4fc8-80ce-1b82ebc6f013</eID>
              <fName>Rhys</fName>
              <lName>Kibard</lName>
              <email>rkibard2@mediafire.com</email>
              <userName>rkibard2</userName>
              <occupation>Payment Adjustment Coordinator</occupation>
              <department>Support</department>
              <device>
                <ip>32.244.196.42</ip>
                <mac>11-96-E6-38-2F-66</mac>
              </device>
            </employee>
            <employee>
              <eID>df576170-677c-4df0-90fb-17a1f9a60cc8</eID>
              <fName>Yoshiko</fName>
              <lName>Gallanders</lName>
              <email>ygallanders3@kickstarter.com</email>
              <userName>ygallanders3</userName>
              <occupation>Assistant Manager</occupation>
              <department>Accounting</department>
              <device>
                <ip>254.174.107.140</ip>
                <mac>99-0F-DF-DF-84-38</mac>
              </device>
            </employee>
            <employee>
              <eID>57b9a6d2-b667-41d6-9f0c-93da85aac8dd</eID>
              <fName>Rayshell</fName>
              <lName>Miell</lName>
              <email>rmiell4@sina.com.cn</email>
              <userName>rmiell4</userName>
              <occupation>Executive Secretary</occupation>
              <department>Sales</department>
              <device>
                <ip>60.140.108.248</ip>
                <mac>A5-A0-81-D1-57-C3</mac>
              </device>
            </employee>
          </employees>
      </JSON_ARRAY>
</software>