[
  {
    "id": "5c96afec-320a-47df-b819-fee84075cf9e",
    "openTime": "13:03",
    "closeTime": "21:45",
    "location": {
      "city": "Antigonish",
      "region": "Nova Scotia",
      "counry": "Canada"
    },
    "animals": [
      {
        "giveName": "Kelby",
        "commonName": "Wagtail, african pied",
        "scientificName": "Motacilla aguimp",
        "dob": "2015-02-12",
        "sex": "Male"
      },
      {
        "giveName": "Bent",
        "commonName": "Armadillo, seven-banded",
        "scientificName": "Dasypus septemcincus",
        "dob": "2013-07-27",
        "sex": "Male"
      },
      {
        "giveName": "Hughie",
        "commonName": "Red-necked phalarope",
        "scientificName": "Phalaropus lobatus",
        "dob": "2021-02-24",
        "sex": "Male"
      },
      {
        "giveName": "Buffy",
        "commonName": "Brush-tailed phascogale",
        "scientificName": "Phascogale tapoatafa",
        "dob": "2008-09-01",
        "sex": "Female"
      },
      {
        "giveName": "Gradeigh",
        "commonName": "Defassa waterbuck",
        "scientificName": "Kobus defassa",
        "dob": "2002-02-18",
        "sex": "Male"
      },
      {
        "giveName": "Mozelle",
        "commonName": "Sarus crane",
        "scientificName": "Grus antigone",
        "dob": "2016-09-27",
        "sex": "Female"
      },
      {
        "giveName": "Dukie",
        "commonName": "White-lipped peccary",
        "scientificName": "Tayassu pecari",
        "dob": "2017-07-18",
        "sex": "Male"
      }
    ],
    "employees": [
      {
        "id": "13947974-9607-4f9f-aa04-b0ee67e26cd9",
        "firstName": "Anders",
        "lastName": "Faragan",
        "dob": "1981-01-02",
        "position": "Developer II"
      },
      {
        "id": "5f60de00-a979-40cb-a2da-8b3cc97aa2fa",
        "firstName": "Elita",
        "lastName": "Topling",
        "dob": "1972-11-10",
        "position": "Software Engineer IV"
      },
      {
        "id": "683f2906-185f-4655-a3d0-080931ff48ab",
        "firstName": "Merry",
        "lastName": "Dawidman",
        "dob": "1987-05-19",
        "position": "Nurse"
      }
    ]
  },
  {
    "id": "63494c41-ea16-4efd-a275-aab9d009c833",
    "openTime": "16:13",
    "closeTime": "18:11",
    "location": {
      "city": "Niverville",
      "region": "Manitoba",
      "counry": "Canada"
    },
    "animals": [
      {
        "giveName": "Kelvin",
        "commonName": "Brazilian tapir",
        "scientificName": "Tapirus terrestris",
        "dob": "2017-12-15",
        "sex": "Male"
      },
      {
        "giveName": "Pippy",
        "commonName": "Cockatoo, sulfur-crested",
        "scientificName": "Cacatua galerita",
        "dob": "2005-03-22",
        "sex": "Female"
      },
      {
        "giveName": "Filippa",
        "commonName": "Sea birds (unidentified)",
        "scientificName": "unavailable",
        "dob": "2013-03-11",
        "sex": "Female"
      },
      {
        "giveName": "Marilin",
        "commonName": "Secretary bird",
        "scientificName": "Sagittarius serpentarius",
        "dob": "2002-05-08",
        "sex": "Female"
      },
      {
        "giveName": "Mannie",
        "commonName": "Blue and yellow macaw",
        "scientificName": "Ara ararauna",
        "dob": "2018-04-04",
        "sex": "Male"
      },
      {
        "giveName": "Gaby",
        "commonName": "Tortoise, asian foreset",
        "scientificName": "Manouria emys",
        "dob": "2013-01-30",
        "sex": "Female"
      },
      {
        "giveName": "Yolanda",
        "commonName": "Whale, killer",
        "scientificName": "Orcinus orca",
        "dob": "2006-04-09",
        "sex": "Female"
      }
    ],
    "employees": [
      {
        "id": "475b7cff-3fad-47ee-a0d0-8707f0c71c35",
        "firstName": "Pen",
        "lastName": "Frisby",
        "dob": "1978-05-11",
        "position": "Help Desk Technician"
      },
      {
        "id": "ca5d5b0c-e371-4707-be22-cbb7c7ac34ac",
        "firstName": "Penn",
        "lastName": "Risso",
        "dob": "1992-07-09",
        "position": "VP Accounting"
      },
      {
        "id": "24f75a34-ca7e-49dc-8908-39ec10d0cb58",
        "firstName": "Catina",
        "lastName": "Ahren",
        "dob": "1975-05-28",
        "position": "Graphic Designer"
      }
    ]
  },
  {
    "id": "d3ca91ad-be1a-4689-8688-ec455403a1c6",
    "openTime": "12:35",
    "closeTime": "21:13",
    "location": {
      "city": "Kissimmee",
      "region": "Florida",
      "counry": "United States"
    },
    "animals": [
      {
        "giveName": "Casey",
        "commonName": "Oystercatcher, blackish",
        "scientificName": "Haematopus ater",
        "dob": "2005-06-16",
        "sex": "Male"
      },
      {
        "giveName": "Evered",
        "commonName": "Penguin, fairy",
        "scientificName": "Eudyptula minor",
        "dob": "2021-05-09",
        "sex": "Male"
      },
      {
        "giveName": "Gerrard",
        "commonName": "Oystercatcher, blackish",
        "scientificName": "Haematopus ater",
        "dob": "2011-01-08",
        "sex": "Male"
      },
      {
        "giveName": "Sarah",
        "commonName": "Cape clawless otter",
        "scientificName": "Aonyx capensis",
        "dob": "2007-11-02",
        "sex": "Female"
      },
      {
        "giveName": "Pavlov",
        "commonName": "Tayra",
        "scientificName": "Eira barbata",
        "dob": "2021-11-17",
        "sex": "Female"
      },
      {
        "giveName": "Genia",
        "commonName": "Boa, emerald green tree",
        "scientificName": "Boa caninus",
        "dob": "2018-05-23",
        "sex": "Female"
      },
      {
        "giveName": "Thurston",
        "commonName": "Sociable weaver",
        "scientificName": "Philetairus socius",
        "dob": "2004-07-18",
        "sex": "Male"
      }
    ],
    "employees": [
      {
        "id": "59d7775a-32f5-4985-a168-71ce640a0243",
        "firstName": "Carly",
        "lastName": "Bluck",
        "dob": "1973-10-03",
        "position": "Human Resources Manager"
      },
      {
        "id": "80ff56d5-27ec-4638-8982-08ba6971078e",
        "firstName": "Codee",
        "lastName": "Bow",
        "dob": "1974-07-31",
        "position": "Executive Secretary"
      },
      {
        "id": "90c79732-9a54-4d87-8c79-dd3f62c4027c",
        "firstName": "Alexandro",
        "lastName": "Barehead",
        "dob": "1971-09-28",
        "position": "Desktop Support Technician"
      }
    ]
  },
  {
    "id": "06a94b12-3882-4379-ab07-4b14898e3980",
    "openTime": "6:44",
    "closeTime": "18:17",
    "location": {
      "city": "Boissevain",
      "region": "Manitoba",
      "counry": "Canada"
    },
    "animals": [
      {
        "giveName": "Lenette",
        "commonName": "White rhinoceros",
        "scientificName": "Ceratotherium simum",
        "dob": "2012-04-08",
        "sex": "Female"
      },
      {
        "giveName": "Garrek",
        "commonName": "Netted rock dragon",
        "scientificName": "Ctenophorus ornatus",
        "dob": "2004-03-15",
        "sex": "Male"
      },
      {
        "giveName": "Flynn",
        "commonName": "Red-breasted nuthatch",
        "scientificName": "Sitta canadensis",
        "dob": "2017-02-15",
        "sex": "Bigender"
      },
      {
        "giveName": "Jacinta",
        "commonName": "Gull, pacific",
        "scientificName": "Gabianus pacificus",
        "dob": "2010-12-22",
        "sex": "Female"
      },
      {
        "giveName": "Karena",
        "commonName": "Spoonbill, european",
        "scientificName": "Platalea leucordia",
        "dob": "2006-02-18",
        "sex": "Female"
      },
      {
        "giveName": "Tuesday",
        "commonName": "Fox, savanna",
        "scientificName": "Dusicyon thous",
        "dob": "2002-08-11",
        "sex": "Female"
      },
      {
        "giveName": "Alden",
        "commonName": "Burrowing owl",
        "scientificName": "Speotyte cuniculata",
        "dob": "2018-12-14",
        "sex": "Male"
      }
    ],
    "employees": [
      {
        "id": "fbe5d3de-c13b-46da-b3b2-7c745afd885d",
        "firstName": "Lorry",
        "lastName": "Orehead",
        "dob": "1970-04-22",
        "position": "Software Test Engineer IV"
      },
      {
        "id": "e738c01d-cea5-4d51-b54e-c47afe43ae7c",
        "firstName": "Christian",
        "lastName": "Giacovetti",
        "dob": "1997-04-15",
        "position": "Chemical Engineer"
      },
      {
        "id": "b49d839b-9f4c-4dc4-a769-e2971bd7d852",
        "firstName": "Pennie",
        "lastName": "Mapam",
        "dob": "1985-03-01",
        "position": "Internal Auditor"
      }
    ]
  },
  {
    "id": "edc5f09e-9d4d-454a-897e-56f51a770e36",
    "openTime": "8:21",
    "closeTime": "18:51",
    "location": {
      "city": "Tacoma",
      "region": "Washington",
      "counry": "United States"
    },
    "animals": [
      {
        "giveName": "Janessa",
        "commonName": "Spider, wolf",
        "scientificName": "Lycosa godeffroyi",
        "dob": "2011-08-07",
        "sex": "Female"
      },
      {
        "giveName": "Bertie",
        "commonName": "Grenadier, common",
        "scientificName": "Uraeginthus granatina",
        "dob": "2021-01-25",
        "sex": "Male"
      },
      {
        "giveName": "Stefan",
        "commonName": "Great egret",
        "scientificName": "Casmerodius albus",
        "dob": "2016-03-30",
        "sex": "Male"
      },
      {
        "giveName": "Burty",
        "commonName": "Cormorant, little",
        "scientificName": "Phalacrocorax niger",
        "dob": "2001-07-13",
        "sex": "Bigender"
      },
      {
        "giveName": "Monte",
        "commonName": "Deer, mule",
        "scientificName": "Odocoileus hemionus",
        "dob": "2010-07-29",
        "sex": "Male"
      },
      {
        "giveName": "Candace",
        "commonName": "Turtle (unidentified)",
        "scientificName": "unavailable",
        "dob": "2020-08-30",
        "sex": "Female"
      },
      {
        "giveName": "Bernarr",
        "commonName": "Square-lipped rhinoceros",
        "scientificName": "Ceratotherium simum",
        "dob": "2001-09-10",
        "sex": "Male"
      }
    ],
    "employees": [
      {
        "id": "fa5e2361-8137-4645-adda-48dc5d8550e6",
        "firstName": "Rod",
        "lastName": "Wimmers",
        "dob": "1992-01-26",
        "position": "Desktop Support Technician"
      },
      {
        "id": "49e8488c-4414-4ca2-95f7-c0e01413bee8",
        "firstName": "Horatia",
        "lastName": "Senett",
        "dob": "1976-08-28",
        "position": "Developer I"
      },
      {
        "id": "dcdfa260-ec50-4a66-a5c8-3b9687d465cf",
        "firstName": "Jacquelin",
        "lastName": "Lightwing",
        "dob": "1974-10-30",
        "position": "Administrative Officer"
      }
    ]
  },
  {
    "id": "7ffe29d2-b76e-432a-861e-50551763cbcb",
    "openTime": "20:05",
    "closeTime": "21:40",
    "location": {
      "city": "Dallas",
      "region": "Texas",
      "counry": "United States"
    },
    "animals": [
      {
        "giveName": "Melamie",
        "commonName": "Squirrel, arctic ground",
        "scientificName": "Spermophilus parryii",
        "dob": "2012-07-23",
        "sex": "Female"
      },
      {
        "giveName": "Roland",
        "commonName": "Insect, stick",
        "scientificName": "Leprocaulinus vipera",
        "dob": "2001-04-21",
        "sex": "Male"
      },
      {
        "giveName": "Alonzo",
        "commonName": "Francolin, coqui",
        "scientificName": "Francolinus coqui",
        "dob": "2011-09-05",
        "sex": "Male"
      },
      {
        "giveName": "Crystie",
        "commonName": "Cape cobra",
        "scientificName": "Naja nivea",
        "dob": "2009-01-11",
        "sex": "Female"
      },
      {
        "giveName": "Delmore",
        "commonName": "Four-striped grass mouse",
        "scientificName": "Rhabdomys pumilio",
        "dob": "2006-04-25",
        "sex": "Male"
      },
      {
        "giveName": "Camille",
        "commonName": "Badger, eurasian",
        "scientificName": "Meles meles",
        "dob": "2021-07-02",
        "sex": "Female"
      },
      {
        "giveName": "Zerk",
        "commonName": "Whale, killer",
        "scientificName": "Orcinus orca",
        "dob": "2016-04-29",
        "sex": "Male"
      }
    ],
    "employees": [
      {
        "id": "5c21b414-db3a-4607-af16-f4eaac80b145",
        "firstName": "Rhett",
        "lastName": "Lymer",
        "dob": "1987-04-22",
        "position": "Sales Associate"
      },
      {
        "id": "abbae514-547a-4ceb-82a1-ea2934f25a77",
        "firstName": "Kristel",
        "lastName": "Sighard",
        "dob": "1980-04-25",
        "position": "Human Resources Assistant IV"
      },
      {
        "id": "e3f3f3d7-f11f-435a-a195-c0b7f34c7ad4",
        "firstName": "Fairlie",
        "lastName": "Bromidge",
        "dob": "1993-06-25",
        "position": "Safety Technician I"
      }
    ]
  },
  {
    "id": "72d06611-3e9b-4a59-9c86-8861faa98743",
    "openTime": "10:53",
    "closeTime": "20:24",
    "location": {
      "city": "Greensboro",
      "region": "North Carolina",
      "counry": "United States"
    },
    "animals": [
      {
        "giveName": "Glendon",
        "commonName": "Gull, lava",
        "scientificName": "Larus fuliginosus",
        "dob": "2016-03-31",
        "sex": "Male"
      },
      {
        "giveName": "Tiffani",
        "commonName": "Sandhill crane",
        "scientificName": "Grus canadensis",
        "dob": "2004-12-20",
        "sex": "Female"
      },
      {
        "giveName": "Cort",
        "commonName": "White-throated kingfisher",
        "scientificName": "Halcyon smyrnesis",
        "dob": "2010-02-27",
        "sex": "Male"
      },
      {
        "giveName": "Peggie",
        "commonName": "Curlew, black",
        "scientificName": "Haematopus ater",
        "dob": "2000-10-13",
        "sex": "Female"
      },
      {
        "giveName": "Denver",
        "commonName": "Squirrel, smith's bush",
        "scientificName": "Paraxerus cepapi",
        "dob": "2015-06-17",
        "sex": "Female"
      },
      {
        "giveName": "Riley",
        "commonName": "Green-backed heron",
        "scientificName": "Butorides striatus",
        "dob": "2004-10-23",
        "sex": "Female"
      },
      {
        "giveName": "Tatiania",
        "commonName": "Hawk, galapagos",
        "scientificName": "Buteo galapagoensis",
        "dob": "2001-05-16",
        "sex": "Female"
      }
    ],
    "employees": [
      {
        "id": "0899c460-7750-4718-9cc8-4430b6a850b0",
        "firstName": "Benson",
        "lastName": "Feldstein",
        "dob": "1992-07-13",
        "position": "Software Consultant"
      },
      {
        "id": "70f263ee-ad9f-4a97-a9d1-c47fd39c5c24",
        "firstName": "Mata",
        "lastName": "Fouracres",
        "dob": "1976-07-06",
        "position": "Administrative Officer"
      },
      {
        "id": "905c72ad-d340-403f-b619-c93f17fac0ec",
        "firstName": "Deirdre",
        "lastName": "Bagster",
        "dob": "1969-05-27",
        "position": "Accounting Assistant I"
      }
    ]
  },
  {
    "id": "45e36948-f985-43f7-8007-491697edea98",
    "openTime": "14:32",
    "closeTime": "20:46",
    "location": {
      "city": "Phoenix",
      "region": "Arizona",
      "counry": "United States"
    },
    "animals": [
      {
        "giveName": "Oren",
        "commonName": "Anaconda (unidentified)",
        "scientificName": "Eunectes sp.",
        "dob": "2013-08-21",
        "sex": "Male"
      },
      {
        "giveName": "Bastian",
        "commonName": "Lizard, desert spiny",
        "scientificName": "Sceloporus magister",
        "dob": "2016-04-30",
        "sex": "Male"
      },
      {
        "giveName": "Allison",
        "commonName": "Eland, common",
        "scientificName": "Taurotagus oryx",
        "dob": "2008-11-09",
        "sex": "Female"
      },
      {
        "giveName": "Madelaine",
        "commonName": "Yellow-billed hornbill",
        "scientificName": "Tockus flavirostris",
        "dob": "2007-08-14",
        "sex": "Female"
      },
      {
        "giveName": "Darrell",
        "commonName": "Sociable weaver",
        "scientificName": "Philetairus socius",
        "dob": "2022-05-20",
        "sex": "Male"
      },
      {
        "giveName": "Umberto",
        "commonName": "Tayra",
        "scientificName": "Eira barbata",
        "dob": "2015-06-16",
        "sex": "Male"
      },
      {
        "giveName": "Evonne",
        "commonName": "Ring-necked pheasant",
        "scientificName": "Phasianus colchicus",
        "dob": "2013-11-25",
        "sex": "Female"
      }
    ],
    "employees": [
      {
        "id": "e4da307f-e307-43f7-8d1f-fcf0d98aea63",
        "firstName": "Pauly",
        "lastName": "Brunton",
        "dob": "1991-11-14",
        "position": "Staff Scientist"
      },
      {
        "id": "6f9e19d1-2ca0-4562-ab94-b02fc617a369",
        "firstName": "Vivianne",
        "lastName": "Methley",
        "dob": "1972-06-13",
        "position": "Help Desk Technician"
      },
      {
        "id": "0e2e6ea9-7c3a-41c8-8af6-49bd4d8f38bd",
        "firstName": "Lauren",
        "lastName": "Moorerud",
        "dob": "1981-08-06",
        "position": "Nuclear Power Engineer"
      }
    ]
  },
  {
    "id": "d04a611b-f2bb-402b-a815-6ead79dad113",
    "openTime": "17:17",
    "closeTime": "20:22",
    "location": {
      "city": "Santa Ana",
      "region": "California",
      "counry": "United States"
    },
    "animals": [
      {
        "giveName": "Paulie",
        "commonName": "Goat, mountain",
        "scientificName": "Oreamnos americanus",
        "dob": "2004-06-22",
        "sex": "Male"
      },
      {
        "giveName": "Isidora",
        "commonName": "Anteater, giant",
        "scientificName": "Myrmecophaga tridactyla",
        "dob": "2008-10-18",
        "sex": "Female"
      },
      {
        "giveName": "Amerigo",
        "commonName": "Canada goose",
        "scientificName": "Branta canadensis",
        "dob": "2005-09-08",
        "sex": "Male"
      },
      {
        "giveName": "Darrin",
        "commonName": "Bear, polar",
        "scientificName": "Ursus maritimus",
        "dob": "2002-06-24",
        "sex": "Male"
      },
      {
        "giveName": "Prinz",
        "commonName": "Stilt, black-winged",
        "scientificName": "Himantopus himantopus",
        "dob": "2017-01-31",
        "sex": "Male"
      },
      {
        "giveName": "Filmore",
        "commonName": "Red-winged hawk (unidentified)",
        "scientificName": "unavailable",
        "dob": "2020-11-13",
        "sex": "Male"
      },
      {
        "giveName": "Arlee",
        "commonName": "Nutcracker, clark's",
        "scientificName": "Nucifraga columbiana",
        "dob": "2013-01-26",
        "sex": "Female"
      }
    ],
    "employees": [
      {
        "id": "25a49ab0-1439-49cc-b8d9-b8683df74a7f",
        "firstName": "Leeland",
        "lastName": "Kewish",
        "dob": "1995-11-10",
        "position": "Financial Analyst"
      },
      {
        "id": "96de1826-f17d-4429-9f23-2b5aaebb9809",
        "firstName": "Owen",
        "lastName": "Johnke",
        "dob": "1997-01-03",
        "position": "VP Sales"
      },
      {
        "id": "091f5ed5-bce9-46a8-80fa-50da40fbe76d",
        "firstName": "Glenden",
        "lastName": "Greaves",
        "dob": "1997-06-05",
        "position": "Senior Developer"
      }
    ]
  },
  {
    "id": "d3d2e002-ce92-46dc-9761-cde67f154073",
    "openTime": "14:40",
    "closeTime": "21:37",
    "location": {
      "city": "Tampa",
      "region": "Florida",
      "counry": "United States"
    },
    "animals": [
      {
        "giveName": "Hector",
        "commonName": "Eastern boa constrictor",
        "scientificName": "Acrantophis madagascariensis",
        "dob": "2014-10-03",
        "sex": "Male"
      },
      {
        "giveName": "Rowney",
        "commonName": "Elegant crested tinamou",
        "scientificName": "Eudromia elegans",
        "dob": "2014-10-24",
        "sex": "Male"
      },
      {
        "giveName": "Arman",
        "commonName": "Anteater, australian spiny",
        "scientificName": "Tachyglossus aculeatus",
        "dob": "2012-01-29",
        "sex": "Male"
      },
      {
        "giveName": "Sheffield",
        "commonName": "Common long-nosed armadillo",
        "scientificName": "Dasypus novemcinctus",
        "dob": "2010-11-19",
        "sex": "Male"
      },
      {
        "giveName": "Sim",
        "commonName": "Elephant, african",
        "scientificName": "Loxodonta africana",
        "dob": "2018-11-14",
        "sex": "Male"
      },
      {
        "giveName": "Gunner",
        "commonName": "Steenbuck",
        "scientificName": "Raphicerus campestris",
        "dob": "2000-12-27",
        "sex": "Male"
      },
      {
        "giveName": "Kiersten",
        "commonName": "Swallow-tail gull",
        "scientificName": "Creagrus furcatus",
        "dob": "2003-04-26",
        "sex": "Female"
      }
    ],
    "employees": [
      {
        "id": "93e56f55-ea47-42c8-9fd7-ccc948229763",
        "firstName": "Melanie",
        "lastName": "Abernethy",
        "dob": "1983-01-19",
        "position": "Financial Analyst"
      },
      {
        "id": "0556995b-3612-408d-b6d0-ad2e68b142cf",
        "firstName": "Karlotta",
        "lastName": "Dowdle",
        "dob": "1971-12-08",
        "position": "Budget/Accounting Analyst III"
      },
      {
        "id": "8cd7da11-ebed-4dd6-8c36-cf18128f480e",
        "firstName": "Feodor",
        "lastName": "Fearneley",
        "dob": "1969-07-18",
        "position": "Budget/Accounting Analyst II"
      }
    ]
  },
  {
    "id": "dc11c866-0087-4850-ba22-957577e83702",
    "openTime": "18:25",
    "closeTime": "19:03",
    "location": {
      "city": "Stonewall",
      "region": "Manitoba",
      "counry": "Canada"
    },
    "animals": [
      {
        "giveName": "Erwin",
        "commonName": "Black-crowned night heron",
        "scientificName": "Nycticorax nycticorax",
        "dob": "2015-01-24",
        "sex": "Male"
      },
      {
        "giveName": "Vassili",
        "commonName": "Dove, white-winged",
        "scientificName": "Zenaida asiatica",
        "dob": "2014-01-27",
        "sex": "Male"
      },
      {
        "giveName": "Darell",
        "commonName": "Blue catfish",
        "scientificName": "Ictalurus furcatus",
        "dob": "2013-02-16",
        "sex": "Female"
      },
      {
        "giveName": "Kirstyn",
        "commonName": "Red squirrel",
        "scientificName": "Tamiasciurus hudsonicus",
        "dob": "2004-04-05",
        "sex": "Female"
      },
      {
        "giveName": "Abba",
        "commonName": "Owl, madagascar hawk",
        "scientificName": "Ninox superciliaris",
        "dob": "2013-10-03",
        "sex": "Male"
      },
      {
        "giveName": "Hyacinth",
        "commonName": "Wallaby, bennett's",
        "scientificName": "Macropus rufogriseus",
        "dob": "2011-03-23",
        "sex": "Female"
      },
      {
        "giveName": "Hershel",
        "commonName": "Ring-tailed lemur",
        "scientificName": "Lemur catta",
        "dob": "2005-10-05",
        "sex": "Male"
      }
    ],
    "employees": [
      {
        "id": "6f383126-519e-4632-a5bb-4fcf70ff0141",
        "firstName": "Leslie",
        "lastName": "Pantecost",
        "dob": "1998-01-12",
        "position": "Help Desk Technician"
      },
      {
        "id": "8dc60e50-e1de-4140-8d9c-42402274f8ab",
        "firstName": "Lissy",
        "lastName": "Gethyn",
        "dob": "1987-04-10",
        "position": "Statistician III"
      },
      {
        "id": "d1a8f825-8157-445e-8e93-eed3264e5a12",
        "firstName": "Dermot",
        "lastName": "Bean",
        "dob": "1979-12-02",
        "position": "Senior Quality Engineer"
      }
    ]
  },
  {
    "id": "edfebc8c-5017-4c15-a9c5-a0ce1314e6c8",
    "openTime": "16:48",
    "closeTime": "20:58",
    "location": {
      "city": "Lethbridge",
      "region": "Alberta",
      "counry": "Canada"
    },
    "animals": [
      {
        "giveName": "Dudley",
        "commonName": "Asian elephant",
        "scientificName": "Elephas maximus bengalensis",
        "dob": "2017-06-06",
        "sex": "Male"
      },
      {
        "giveName": "Vernice",
        "commonName": "Puku",
        "scientificName": "Kobus vardonii vardoni",
        "dob": "2001-09-04",
        "sex": "Female"
      },
      {
        "giveName": "Tod",
        "commonName": "Blue racer",
        "scientificName": "Coluber constrictor foxii",
        "dob": "2005-07-27",
        "sex": "Male"
      },
      {
        "giveName": "Ricardo",
        "commonName": "Tortoise, galapagos",
        "scientificName": "Geochelone elephantopus",
        "dob": "2017-07-18",
        "sex": "Male"
      },
      {
        "giveName": "Verina",
        "commonName": "Bison, american",
        "scientificName": "Bison bison",
        "dob": "2012-01-26",
        "sex": "Female"
      },
      {
        "giveName": "Fayina",
        "commonName": "Goose, cape barren",
        "scientificName": "Cereopsis novaehollandiae",
        "dob": "2006-10-30",
        "sex": "Female"
      },
      {
        "giveName": "Gnni",
        "commonName": "Black-tailed deer",
        "scientificName": "Odocoileus hemionus",
        "dob": "2019-09-21",
        "sex": "Female"
      }
    ],
    "employees": [
      {
        "id": "d4cebc57-67aa-48f2-9efc-314cd7612a02",
        "firstName": "Jandy",
        "lastName": "Gommery",
        "dob": "1989-03-25",
        "position": "Professor"
      },
      {
        "id": "7f05392d-a7f3-40c8-8579-2b1c25b7dddc",
        "firstName": "Clerissa",
        "lastName": "Khoter",
        "dob": "1981-02-22",
        "position": "Dental Hygienist"
      },
      {
        "id": "f1f458ba-f0d5-464c-9571-f4732e22c86f",
        "firstName": "Gregory",
        "lastName": "Hacun",
        "dob": "1969-03-03",
        "position": "Research Associate"
      }
    ]
  },
  {
    "id": "708de8b8-15db-46b6-bc2d-9ff169faac80",
    "openTime": "7:52",
    "closeTime": "20:03",
    "location": {
      "city": "Honolulu",
      "region": "Hawaii",
      "counry": "United States"
    },
    "animals": [
      {
        "giveName": "Torre",
        "commonName": "Verreaux's sifaka",
        "scientificName": "Propithecus verreauxi",
        "dob": "2010-06-15",
        "sex": "Male"
      },
      {
        "giveName": "Gaven",
        "commonName": "Barbet, levaillant's",
        "scientificName": "Trachyphonus vaillantii",
        "dob": "2020-03-30",
        "sex": "Male"
      },
      {
        "giveName": "Bary",
        "commonName": "American marten",
        "scientificName": "Martes americana",
        "dob": "2006-02-03",
        "sex": "Male"
      },
      {
        "giveName": "Adam",
        "commonName": "Lion, california sea",
        "scientificName": "Zalophus californicus",
        "dob": "2015-05-08",
        "sex": "Male"
      },
      {
        "giveName": "Valentijn",
        "commonName": "Crab-eating raccoon",
        "scientificName": "Procyon cancrivorus",
        "dob": "2022-02-09",
        "sex": "Male"
      },
      {
        "giveName": "Mill",
        "commonName": "Fairy penguin",
        "scientificName": "Eudyptula minor",
        "dob": "2006-04-25",
        "sex": "Male"
      },
      {
        "giveName": "Louisa",
        "commonName": "Guanaco",
        "scientificName": "Lama guanicoe",
        "dob": "2006-09-19",
        "sex": "Female"
      }
    ],
    "employees": [
      {
        "id": "1bb09472-1df2-4bad-a7e1-f830bb93e84d",
        "firstName": "Melita",
        "lastName": "Grinyakin",
        "dob": "1981-01-27",
        "position": "Executive Secretary"
      },
      {
        "id": "4978a93e-6d93-4282-b879-d452672bf9ba",
        "firstName": "Tisha",
        "lastName": "Burles",
        "dob": "1986-04-02",
        "position": "Software Test Engineer IV"
      },
      {
        "id": "aead0f5e-5169-4e6d-b56b-d5b2e0c9391a",
        "firstName": "Johannah",
        "lastName": "Duckers",
        "dob": "1991-11-17",
        "position": "Legal Assistant"
      }
    ]
  },
  {
    "id": "b8e2f8ca-571b-4ff4-88f4-43f4298b9a0b",
    "openTime": "9:50",
    "closeTime": "20:14",
    "location": {
      "city": "Chicago",
      "region": "Illinois",
      "counry": "United States"
    },
    "animals": [
      {
        "giveName": "Sheffy",
        "commonName": "Macaw, blue and gold",
        "scientificName": "Ara ararauna",
        "dob": "2009-12-04",
        "sex": "Male"
      },
      {
        "giveName": "Caterina",
        "commonName": "Grebe, little",
        "scientificName": "Tachybaptus ruficollis",
        "dob": "2019-12-11",
        "sex": "Female"
      },
      {
        "giveName": "Ofelia",
        "commonName": "European spoonbill",
        "scientificName": "Platalea leucordia",
        "dob": "2014-06-18",
        "sex": "Female"
      },
      {
        "giveName": "Nomi",
        "commonName": "Owl, madagascar hawk",
        "scientificName": "Ninox superciliaris",
        "dob": "2010-01-28",
        "sex": "Female"
      },
      {
        "giveName": "Abigael",
        "commonName": "Malay squirrel (unidentified)",
        "scientificName": "unavailable",
        "dob": "2019-11-24",
        "sex": "Female"
      },
      {
        "giveName": "Sid",
        "commonName": "Common wallaroo",
        "scientificName": "Macropus robustus",
        "dob": "2009-04-08",
        "sex": "Male"
      },
      {
        "giveName": "Skippy",
        "commonName": "Peccary, collared",
        "scientificName": "Tayassu tajacu",
        "dob": "2004-03-08",
        "sex": "Male"
      }
    ],
    "employees": [
      {
        "id": "c1ddd75e-abe8-494b-a015-f1cc0658900c",
        "firstName": "Antonin",
        "lastName": "Howell",
        "dob": "1986-07-27",
        "position": "Senior Quality Engineer"
      },
      {
        "id": "0b1761fa-19d2-4343-bdba-db8b876a611c",
        "firstName": "Aarika",
        "lastName": "Pogosian",
        "dob": "1991-07-15",
        "position": "Analog Circuit Design manager"
      },
      {
        "id": "47c5d935-6675-4299-b862-134c7a700301",
        "firstName": "Belicia",
        "lastName": "Miko",
        "dob": "1990-01-18",
        "position": "Web Designer II"
      }
    ]
  },
  {
    "id": "00cc73eb-bd65-4443-bbc7-e662bd0774cc",
    "openTime": "7:41",
    "closeTime": "19:57",
    "location": {
      "city": "Brampton",
      "region": "Ontario",
      "counry": "Canada"
    },
    "animals": [
      {
        "giveName": "Ryon",
        "commonName": "Grey lourie",
        "scientificName": "Lorythaixoides concolor",
        "dob": "2014-10-29",
        "sex": "Male"
      },
      {
        "giveName": "Brittan",
        "commonName": "Otter, oriental short-clawed",
        "scientificName": "Aonyx cinerea",
        "dob": "2017-02-26",
        "sex": "Male"
      },
      {
        "giveName": "Raffaello",
        "commonName": "Dove, emerald-spotted wood",
        "scientificName": "Turtur chalcospilos",
        "dob": "2016-10-06",
        "sex": "Male"
      },
      {
        "giveName": "Harris",
        "commonName": "White-winged tern",
        "scientificName": "Chlidonias leucopterus",
        "dob": "2018-11-07",
        "sex": "Male"
      },
      {
        "giveName": "Gibbie",
        "commonName": "Black kite",
        "scientificName": "Milvus migrans",
        "dob": "2001-04-23",
        "sex": "Male"
      },
      {
        "giveName": "Roxane",
        "commonName": "Common seal",
        "scientificName": "Phoca vitulina",
        "dob": "2006-04-30",
        "sex": "Female"
      },
      {
        "giveName": "Thorin",
        "commonName": "Lapwing, southern",
        "scientificName": "Vanellus chilensis",
        "dob": "2012-01-01",
        "sex": "Male"
      }
    ],
    "employees": [
      {
        "id": "f44e5927-e633-4ea5-a855-737acd9ed262",
        "firstName": "Arin",
        "lastName": "Heilds",
        "dob": "1981-08-13",
        "position": "Community Outreach Specialist"
      },
      {
        "id": "c2217692-2f74-4563-9f29-8b32702a86ca",
        "firstName": "Lammond",
        "lastName": "Darlasson",
        "dob": "1987-09-20",
        "position": "Analyst Programmer"
      },
      {
        "id": "4fbfed0c-f421-4373-991d-0aad63803716",
        "firstName": "Nelly",
        "lastName": "Besset",
        "dob": "1975-02-26",
        "position": "Junior Executive"
      }
    ]
  }
]
