<?xml version="1.0" encoding="UTF-8"?>
<passengers>
  <totalPages>11898</totalPages>
  <totalPassengers>118972</totalPassengers>
  <data>
    <passenger>
      <name>John Doe</name>
      <trips>250</trips>
      <airline>
        <country>Taiwan</country>
        <established>1989</established>
        <head_quaters>376, Hsin-Nan Rd., Sec. 1, Luzhu, Taoyuan City, Taiwan</head_quaters>
        <id>5</id>
        <logo>https://upload.wikimedia.org/wikipedia/en/thumb/e/ed/EVA_Air_logo.svg/250px-EVA_Air_logo.svg.png</logo>
        <name>Eva Air</name>
        <slogan>Sharing the World, Flying Together</slogan>
        <website>www.evaair.com</website>
      </airline>
    </passenger>
    <passenger>
      <name>John Doe</name>
      <trips>250</trips>
      <airline>
        <country>Taiwan</country>
        <established>1989</established>
        <head_quaters>376, Hsin-Nan Rd., Sec. 1, Luzhu, Taoyuan City, Taiwan</head_quaters>
        <id>5</id>
        <logo>https://upload.wikimedia.org/wikipedia/en/thumb/e/ed/EVA_Air_logo.svg/250px-EVA_Air_logo.svg.png</logo>
        <name>Eva Air</name>
        <slogan>Sharing the World, Flying Together</slogan>
        <website>www.evaair.com</website>
      </airline>
    </passenger>
    <passenger>
      <airline>
        <country>Taiwan</country>
        <established>1989</established>
        <head_quaters>376, Hsin-Nan Rd., Sec. 1, Luzhu, Taoyuan City, Taiwan</head_quaters>
        <id>5</id>
        <logo>https://upload.wikimedia.org/wikipedia/en/thumb/e/ed/EVA_Air_logo.svg/250px-EVA_Air_logo.svg.png</logo>
        <name>Eva Air</name>
        <slogan>Sharing the World, Flying Together</slogan>
        <website>www.evaair.com</website>
      </airline>
      <name>John Doe</name>
      <trips>250</trips>
    </passenger>
    <passenger>
      <name>John Doe</name>
      <trips>250</trips>
      <airline>
        <country>Taiwan</country>
        <established>1989</established>
        <head_quaters>376, Hsin-Nan Rd., Sec. 1, Luzhu, Taoyuan City, Taiwan</head_quaters>
        <id>5</id>
        <logo>https://upload.wikimedia.org/wikipedia/en/thumb/e/ed/EVA_Air_logo.svg/250px-EVA_Air_logo.svg.png</logo>
        <name>Eva Air</name>
        <slogan>Sharing the World, Flying Together</slogan>
        <website>www.evaair.com</website>
      </airline>
    </passenger>
    <passenger>
      <name>John Doe</name>
      <trips>250</trips>
      <airline>
        <country>Taiwan</country>
        <established>1989</established>
        <head_quaters>376, Hsin-Nan Rd., Sec. 1, Luzhu, Taoyuan City, Taiwan</head_quaters>
        <id>5</id>
        <logo>https://upload.wikimedia.org/wikipedia/en/thumb/e/ed/EVA_Air_logo.svg/250px-EVA_Air_logo.svg.png</logo>
        <name>Eva Air</name>
        <slogan>Sharing the World, Flying Together</slogan>
        <website>www.evaair.com</website>
      </airline>
    </passenger>
    <passenger>
      <name>John Doe</name>
      <trips>250</trips>
      <airline>
        <country>Taiwan</country>
        <established>1989</established>
        <head_quaters>376, Hsin-Nan Rd., Sec. 1, Luzhu, Taoyuan City, Taiwan</head_quaters>
        <id>5</id>
        <logo>https://upload.wikimedia.org/wikipedia/en/thumb/e/ed/EVA_Air_logo.svg/250px-EVA_Air_logo.svg.png</logo>
        <name>Eva Air</name>
        <slogan>Sharing the World, Flying Together</slogan>
        <website>www.evaair.com</website>
      </airline>
    </passenger>
    <passenger>
      <name>John Doe</name>
      <trips>250</trips>
      <airline>
        <country>Taiwan</country>
        <established>1989</established>
        <head_quaters>376, Hsin-Nan Rd., Sec. 1, Luzhu, Taoyuan City, Taiwan</head_quaters>
        <id>5</id>
        <logo>https://upload.wikimedia.org/wikipedia/en/thumb/e/ed/EVA_Air_logo.svg/250px-EVA_Air_logo.svg.png</logo>
        <name>Eva Air</name>
        <slogan>Sharing the World, Flying Together</slogan>
        <website>www.evaair.com</website>
      </airline>
    </passenger>
    <passenger>
      <name>Muhammad</name>
      <trips>2</trips>
      <airline>
        <country>Singapore</country>
        <established>1947</established>
        <head_quaters>Airline House, 25 Airline Road, Singapore 819829</head_quaters>
        <id>2</id>
        <logo>https://upload.wikimedia.org/wikipedia/en/thumb/6/6b/Singapore_Airlines_Logo_2.svg/250px-Singapore_Airlines_Logo_2.svg.png</logo>
        <name>Singapore Airlines</name>
        <slogan>A Great Way to Fly</slogan>
        <website>www.singaporeair.com</website>
      </airline>
    </passenger>
    <passenger>
      <name>Muhammad</name>
      <trips>2</trips>
      <airline>
        <country>Singapore</country>
        <established>1947</established>
        <head_quaters>Airline House, 25 Airline Road, Singapore 819829</head_quaters>
        <id>2</id>
        <logo>https://upload.wikimedia.org/wikipedia/en/thumb/6/6b/Singapore_Airlines_Logo_2.svg/250px-Singapore_Airlines_Logo_2.svg.png</logo>
        <name>Singapore Airlines</name>
        <slogan>A Great Way to Fly</slogan>
        <website>www.singaporeair.com</website>
      </airline>
    </passenger>
    <passenger>
      <name>Hussain</name>
      <trips>100</trips>
      <airline>
        <country>Singapore</country>
        <established>1947</established>
        <head_quaters>Airline House, 25 Airline Road, Singapore 819829</head_quaters>
        <id>2</id>
        <logo>https://upload.wikimedia.org/wikipedia/en/thumb/6/6b/Singapore_Airlines_Logo_2.svg/250px-Singapore_Airlines_Logo_2.svg.png</logo>
        <name>Singapore Airlines</name>
        <slogan>A Great Way to Fly</slogan>
        <website>www.singaporeair.com</website>
      </airline>
    </passenger>
  </data>
</passengers>