[
  {
    "id": "88ef283c-b44f-43f7-81e7-2c3e1266e2fe",
    "name": "Hickle and Sons",
    "street": "506 8th Court",
    "city": "Providence",
    "region": "Rhode Island",
    "country": "United States",
    "park": [
      {
        "id": "d1e1a67f-5e62-4495-957f-3b7c38613928",
        "routeType": "short-distance",
        "manufacturer": "Mann Inc",
        "year": 2018
      },
      {
        "id": "0e194364-fb2d-469c-8be1-e4a1a02ce7b2",
        "routeType": "short-distance",
        "manufacturer": "Moen LLC",
        "year": 2015
      },
      {
        "id": "42650abf-eab0-44e0-8995-031545685a91",
        "routeType": "local",
        "manufacturer": "Sipes, Rohan and Jerde",
        "year": 1987
      }
    ],
    "routes": [
      {
        "vehicle": "cf462119-4c9f-4d21-ab9f-80f33605f378",
        "departure": {
          "airport": "Balistreri-Pagac",
          "city": "Gostivar",
          "country": "Macedonia"
        },
        "destination": {
          "airport": "Treutel Inc",
          "city": "Vandœuvre-lès-Nancy",
          "region": "Lorraine",
          "country": "France"
        }
      },
      {
        "vehicle": "2579d016-e051-474f-994f-9ecb96543ca9",
        "departure": {
          "airport": "Buckridge LLC",
          "city": "Ta'erqi",
          "country": "China"
        },
        "destination": {
          "airport": "Heller Inc",
          "city": "Jeziorany",
          "country": "Poland"
        }
      }
    ]
  },
  {
    "id": "e72ee5a9-3bb6-4b60-b083-73cf88ed38e0",
    "name": "Marks-Schaefer",
    "street": "453 Bayside Parkway",
    "city": "Lumby",
    "region": "British Columbia",
    "country": "Canada",
    "park": [
      {
        "id": "c330c3a5-4dab-4eba-8857-ce45ce824109",
        "routeType": "local",
        "manufacturer": "Walter LLC",
        "year": 2006
      },
      {
        "id": "6ce3ac85-069c-4a53-a584-cd9eac454a6c",
        "routeType": "long-distance",
        "manufacturer": "Becker Group",
        "year": 2003
      },
      {
        "id": "b43469a5-d188-47dd-8335-5105083131cc",
        "routeType": "short-distance",
        "manufacturer": "Willms-Thiel",
        "year": 1990
      }
    ],
    "routes": [
      {
        "vehicle": "ea970d79-3ae5-42f0-81e0-c262985f63db",
        "departure": {
          "airport": "Bayer-Mante",
          "city": "Abelheira",
          "region": "Porto",
          "country": "Portugal"
        },
        "destination": {
          "airport": "Beer-Bayer",
          "city": "Tak Bai",
          "country": "Thailand"
        }
      },
      {
        "vehicle": "28c746c4-7cd5-469e-8cf9-36fb04efa2d0",
        "departure": {
          "airport": "Lubowitz, Pagac and Christiansen",
          "city": "Malunda",
          "country": "Indonesia"
        },
        "destination": {
          "airport": "Mohr-Bernhard",
          "city": "Nambalan",
          "country": "Philippines"
        }
      }
    ]
  },
  {
    "id": "d3890c4a-9318-4f43-96e5-c1dab32d6197",
    "name": "Olson Group",
    "street": "61 Buena Vista Avenue",
    "city": "Cincinnati",
    "region": "Ohio",
    "country": "United States",
    "park": [
      {
        "id": "b9cbd5f7-d0c7-4210-b8a9-92ab6ef86e39",
        "routeType": "long-distance",
        "manufacturer": "Hahn, Rosenbaum and Renner",
        "year": 2000
      },
      {
        "id": "6ac12781-b269-45d9-b3f7-ffd6f054b849",
        "routeType": "local",
        "manufacturer": "O'Reilly Inc",
        "year": 2005
      },
      {
        "id": "c451a7d7-540a-42fb-b872-5026a49a6337",
        "routeType": "short-distance",
        "manufacturer": "Conn-Nolan",
        "year": 2002
      }
    ],
    "routes": [
      {
        "vehicle": "f9d6cfe6-8294-44cb-b182-bd8c54943bd5",
        "departure": {
          "airport": "Wilkinson-Nikolaus",
          "city": "Yanmen",
          "country": "China"
        },
        "destination": {
          "airport": "Reichert, Roob and Balistreri",
          "city": "Santa",
          "country": "Peru"
        }
      },
      {
        "vehicle": "a448d3ae-8734-49df-ab2a-170fffc4c610",
        "departure": {
          "airport": "Barrows-Schmeler",
          "city": "Vänersborg",
          "region": "Västra Götaland",
          "country": "Sweden"
        },
        "destination": {
          "airport": "Jerde-Anderson",
          "city": "Akure",
          "country": "Nigeria"
        }
      }
    ]
  },
  {
    "id": "a6739349-84ed-41ad-97cb-a35be66f55a1",
    "name": "Leannon-Bins",
    "street": "2263 Huxley Court",
    "city": "El Paso",
    "region": "Texas",
    "country": "United States",
    "park": [
      {
        "id": "af31030c-07e8-403c-a3fd-6817d82bae45",
        "routeType": "local",
        "manufacturer": "Shanahan-Hoppe",
        "year": 2009
      },
      {
        "id": "7c80a342-558a-4438-84eb-32978446cbc7",
        "routeType": "local",
        "manufacturer": "Rath Inc",
        "year": 1996
      },
      {
        "id": "7a407ce1-a99d-4766-bb60-97c5c2b13836",
        "routeType": "long-distance",
        "manufacturer": "Graham, Pacocha and Pollich",
        "year": 1986
      }
    ],
    "routes": [
      {
        "vehicle": "678b337e-4570-4c1f-bd05-be05fecd45d9",
        "departure": {
          "airport": "Krajcik and Sons",
          "city": "Unión",
          "country": "Argentina"
        },
        "destination": {
          "airport": "Collins-Kris",
          "city": "Višnjevac",
          "country": "Croatia"
        }
      },
      {
        "vehicle": "a66e8f1c-4d4c-45b0-8ce8-176c97d80c5e",
        "departure": {
          "airport": "McGlynn LLC",
          "city": "Gaozhai",
          "country": "China"
        },
        "destination": {
          "airport": "Reilly-Ortiz",
          "city": "Fermelã",
          "region": "Aveiro",
          "country": "Portugal"
        }
      }
    ]
  },
  {
    "id": "dbd64922-58e4-4a0f-8769-4c685ef131b4",
    "name": "Toy-Balistreri",
    "street": "99317 Lukken Court",
    "city": "Los Angeles",
    "region": "California",
    "country": "United States",
    "park": [
      {
        "id": "204e8e29-c432-4501-9bd1-81c20f06725f",
        "routeType": "long-distance",
        "manufacturer": "Jacobi, Willms and Predovic",
        "year": 2018
      },
      {
        "id": "a78f1424-f95d-4af1-ac5e-45a10df18e4d",
        "routeType": "long-distance",
        "manufacturer": "Grady, Davis and Nitzsche",
        "year": 2014
      },
      {
        "id": "61d7b949-58b9-4ae0-860d-c2e544d20914",
        "routeType": "local",
        "manufacturer": "Bayer LLC",
        "year": 1991
      }
    ],
    "routes": [
      {
        "vehicle": "b9aaf947-c234-4f21-961d-88d20b4a0079",
        "departure": {
          "airport": "Spinka-Rodriguez",
          "city": "Fenhe",
          "country": "China"
        },
        "destination": {
          "airport": "Goldner, Harris and Stroman",
          "city": "Dalheim",
          "country": "Luxembourg"
        }
      },
      {
        "vehicle": "98d1ca66-0591-4896-892e-d406a49c1fa8",
        "departure": {
          "airport": "Considine LLC",
          "city": "Moss",
          "region": "Ostfold",
          "country": "Norway"
        },
        "destination": {
          "airport": "Dicki-Hermann",
          "city": "Ōtsuki",
          "country": "Japan"
        }
      }
    ]
  },
  {
    "id": "06013463-e5af-4ea5-a64a-2f2eb95c8726",
    "name": "Koss, Harvey and DuBuque",
    "street": "24118 Bowman Park",
    "city": "Glasgow",
    "region": "Scotland",
    "country": "United Kingdom",
    "park": [
      {
        "id": "f8d32364-c5a9-4e2b-86f0-e0d0eac4189a",
        "routeType": "long-distance",
        "manufacturer": "Bashirian LLC",
        "year": 1986
      },
      {
        "id": "4e6cf1ff-1f14-412b-bb61-e45a26c8c130",
        "routeType": "long-distance",
        "manufacturer": "Little-Feil",
        "year": 2020
      },
      {
        "id": "7c568456-6908-4359-8040-d1dc9ac71145",
        "routeType": "local",
        "manufacturer": "Muller, Goldner and Crist",
        "year": 1983
      }
    ],
    "routes": [
      {
        "vehicle": "f3bc020b-53c4-4e6b-828b-8be3c5778bb2",
        "departure": {
          "airport": "Fadel Inc",
          "city": "Casal da Anja",
          "region": "Leiria",
          "country": "Portugal"
        },
        "destination": {
          "airport": "Mueller-Johnston",
          "city": "Mogok",
          "country": "Myanmar"
        }
      },
      {
        "vehicle": "50c79a57-3afb-47a2-869a-5419fa5dbb3d",
        "departure": {
          "airport": "Lind-Dibbert",
          "city": "Baoluan",
          "country": "China"
        },
        "destination": {
          "airport": "Grant Inc",
          "city": "Palhoça",
          "country": "Brazil"
        }
      }
    ]
  },
  {
    "id": "48e509a3-f2a2-494b-a11c-66de0cfe67f9",
    "name": "Schaden-Konopelski",
    "street": "0 Donald Lane",
    "city": "Tulsa",
    "region": "Oklahoma",
    "country": "United States",
    "park": [
      {
        "id": "65d818af-d2da-4475-8f1c-dee3f3364e9b",
        "routeType": "local",
        "manufacturer": "Bernier-Beer",
        "year": 2001
      },
      {
        "id": "90c86de3-1f90-439a-a62a-06f2d80d3360",
        "routeType": "short-distance",
        "manufacturer": "Ortiz-Nicolas",
        "year": 1986
      },
      {
        "id": "ffbb2e3f-1305-4737-8760-8582fd3b5d52",
        "routeType": "long-distance",
        "manufacturer": "Hoeger-Kling",
        "year": 1983
      }
    ],
    "routes": [
      {
        "vehicle": "856e3a7e-6701-4efa-a412-204aaa36d645",
        "departure": {
          "airport": "Rath, Rempel and Green",
          "city": "Jiuquan",
          "country": "China"
        },
        "destination": {
          "airport": "Streich LLC",
          "city": "Thai Charoen",
          "country": "Thailand"
        }
      },
      {
        "vehicle": "20227701-eb37-438e-a1db-bb94fbfa04d6",
        "departure": {
          "airport": "Cruickshank and Sons",
          "city": "Xingbin",
          "country": "China"
        },
        "destination": {
          "airport": "Lebsack, Turner and Reilly",
          "city": "Karagay",
          "country": "Russia"
        }
      }
    ]
  },
  {
    "id": "283fd4e1-ec3c-4445-9150-8ad5067a84bc",
    "name": "Olson-MacGyver",
    "street": "9412 Muir Court",
    "city": "Miami",
    "region": "Florida",
    "country": "United States",
    "park": [
      {
        "id": "3a0b3f62-d8ff-4e55-9524-c1149633ccaf",
        "routeType": "local",
        "manufacturer": "Waelchi Inc",
        "year": 1987
      },
      {
        "id": "6bb84f8c-b31d-44a8-87c1-a55c69953529",
        "routeType": "short-distance",
        "manufacturer": "Aufderhar and Sons",
        "year": 2013
      },
      {
        "id": "557e1e1b-08fe-447f-9bf6-5516f9081ccb",
        "routeType": "short-distance",
        "manufacturer": "Hand Inc",
        "year": 1985
      }
    ],
    "routes": [
      {
        "vehicle": "64540c86-309a-4f8c-8111-a14bb8771623",
        "departure": {
          "airport": "Stanton, Sanford and Wilderman",
          "city": "Aguilares",
          "country": "Argentina"
        },
        "destination": {
          "airport": "Waters-Koelpin",
          "city": "Wang Chan",
          "country": "Thailand"
        }
      },
      {
        "vehicle": "5317fe82-a0e7-431d-a243-a473b5a84cbf",
        "departure": {
          "airport": "Bogisich LLC",
          "city": "Hongguang",
          "country": "China"
        },
        "destination": {
          "airport": "Koelpin and Sons",
          "city": "Sumberkemuning",
          "country": "Indonesia"
        }
      }
    ]
  },
  {
    "id": "ac9ed5a9-ba8d-4415-b927-d3a66a529351",
    "name": "Durgan-Armstrong",
    "street": "31566 Darwin Center",
    "city": "Milton",
    "region": "Ontario",
    "country": "Canada",
    "park": [
      {
        "id": "6e7984be-44c2-46b9-b7cb-86bc0b57928e",
        "routeType": "short-distance",
        "manufacturer": "O'Conner, Kunde and Runte",
        "year": 2015
      },
      {
        "id": "56644278-2597-4014-8852-ff708af78f5f",
        "routeType": "short-distance",
        "manufacturer": "Volkman and Sons",
        "year": 1987
      },
      {
        "id": "672cd508-19eb-42c5-aa68-51fd78305b49",
        "routeType": "long-distance",
        "manufacturer": "Barton-Ondricka",
        "year": 2003
      }
    ],
    "routes": [
      {
        "vehicle": "767ec0b2-030b-479f-988b-2aea21ed0478",
        "departure": {
          "airport": "Hessel, Schmeler and Gislason",
          "city": "Dalam",
          "country": "Indonesia"
        },
        "destination": {
          "airport": "Hilpert, Emmerich and Yost",
          "city": "Porkhov",
          "country": "Russia"
        }
      },
      {
        "vehicle": "3cceb6b4-c30b-4884-b606-4e81efd0f407",
        "departure": {
          "airport": "Dooley-Schroeder",
          "city": "Březová",
          "country": "Czech Republic"
        },
        "destination": {
          "airport": "Hartmann Group",
          "city": "Abade de Vermoim",
          "region": "Braga",
          "country": "Portugal"
        }
      }
    ]
  },
  {
    "id": "8568afe4-36c0-46f0-a97a-2d26834e4729",
    "name": "Lakin-Reynolds",
    "street": "340 2nd Crossing",
    "city": "Charleston",
    "region": "West Virginia",
    "country": "United States",
    "park": [
      {
        "id": "beb2404e-8c3a-42ed-a902-e6fcfcaf20d3",
        "routeType": "short-distance",
        "manufacturer": "Turner Inc",
        "year": 2019
      },
      {
        "id": "55b85e6f-472d-4e0a-a045-af862d963a88",
        "routeType": "long-distance",
        "manufacturer": "Monahan LLC",
        "year": 2008
      },
      {
        "id": "2b54361a-0b9b-41a2-bc3b-f7ce1554d082",
        "routeType": "local",
        "manufacturer": "Weimann-Lockman",
        "year": 2017
      }
    ],
    "routes": [
      {
        "vehicle": "17a5793c-8541-4fce-8259-025cd9667a30",
        "departure": {
          "airport": "Harber, McKenzie and Prohaska",
          "city": "Karang Tengah",
          "country": "Indonesia"
        },
        "destination": {
          "airport": "Weber Group",
          "city": "Zhangdiyingzi",
          "country": "China"
        }
      },
      {
        "vehicle": "693a7e27-c56d-415a-981f-d04a6b4315e5",
        "departure": {
          "airport": "Russel and Sons",
          "city": "Zhongzuiling",
          "country": "China"
        },
        "destination": {
          "airport": "Streich-Wiza",
          "city": "Sucun",
          "country": "China"
        }
      }
    ]
  },
  {
    "id": "f41f108c-6dbb-4006-b074-76bcc951f1c9",
    "name": "Greenfelder Group",
    "street": "93931 Stoughton Place",
    "city": "Charleston",
    "region": "West Virginia",
    "country": "United States",
    "park": [
      {
        "id": "f3fb700c-4723-46b7-813b-09af1785eeb2",
        "routeType": "local",
        "manufacturer": "Kunze-Medhurst",
        "year": 1993
      },
      {
        "id": "b6a9331d-08b5-46b0-a6e3-d25e320782ca",
        "routeType": "short-distance",
        "manufacturer": "Larson Inc",
        "year": 1989
      },
      {
        "id": "918c3c1c-e76b-471c-8853-676ba796f9f3",
        "routeType": "local",
        "manufacturer": "Nader, Schuppe and Walsh",
        "year": 2009
      }
    ],
    "routes": [
      {
        "vehicle": "d4a19bbe-7f13-443e-9572-945981f5e0ea",
        "departure": {
          "airport": "Kuhn and Sons",
          "city": "Yeshan",
          "country": "China"
        },
        "destination": {
          "airport": "Daugherty, Ratke and Sanford",
          "city": "Miura",
          "country": "Japan"
        }
      },
      {
        "vehicle": "9319ae34-cf6d-4da0-9bf2-f481878d6d42",
        "departure": {
          "airport": "Thompson, Romaguera and Johnston",
          "city": "Buenavista",
          "country": "Colombia"
        },
        "destination": {
          "airport": "Jones Group",
          "city": "Hebei",
          "country": "China"
        }
      }
    ]
  },
  {
    "id": "12675df3-9deb-4232-a377-cb67366a814e",
    "name": "Smith, Kris and Mohr",
    "street": "93095 5th Park",
    "city": "Memphis",
    "region": "Tennessee",
    "country": "United States",
    "park": [
      {
        "id": "02144c49-1d0d-42a7-ada1-c05516696247",
        "routeType": "short-distance",
        "manufacturer": "Feil-Rowe",
        "year": 2010
      },
      {
        "id": "fa7f75a6-524a-4719-9e16-53e501a0fb7c",
        "routeType": "long-distance",
        "manufacturer": "Romaguera-Bahringer",
        "year": 2020
      },
      {
        "id": "551aacfc-02c2-4ea4-875a-91e5a6ad2cd9",
        "routeType": "short-distance",
        "manufacturer": "Murphy Inc",
        "year": 2015
      }
    ],
    "routes": [
      {
        "vehicle": "233aaad2-9129-4c2f-9723-833b57bc62a2",
        "departure": {
          "airport": "Bashirian, Pfeffer and Hettinger",
          "city": "Bardo",
          "country": "Poland"
        },
        "destination": {
          "airport": "Dickinson-Pacocha",
          "city": "Malanday",
          "country": "Philippines"
        }
      },
      {
        "vehicle": "d94b119c-cddb-4a8c-af76-8e25cca3e3b7",
        "departure": {
          "airport": "Abshire-Schowalter",
          "city": "General Conesa",
          "country": "Argentina"
        },
        "destination": {
          "airport": "Ward, King and Koepp",
          "city": "Bergen",
          "region": "Hordaland",
          "country": "Norway"
        }
      }
    ]
  },
  {
    "id": "af4ac783-28f3-4a5c-8650-a81bde9329d4",
    "name": "Dickens Inc",
    "street": "2 Gale Street",
    "city": "Berthierville",
    "region": "Québec",
    "country": "Canada",
    "park": [
      {
        "id": "d2a67551-66b1-4dfb-b706-a8796fbdac73",
        "routeType": "short-distance",
        "manufacturer": "Bashirian, Johnston and Botsford",
        "year": 2015
      },
      {
        "id": "fdaee798-c526-4a44-b800-fe95f948e716",
        "routeType": "short-distance",
        "manufacturer": "Bernhard Group",
        "year": 2019
      },
      {
        "id": "de5945a6-36f1-47e6-aa42-2a6e74ce6679",
        "routeType": "local",
        "manufacturer": "Green, Jenkins and Spencer",
        "year": 2008
      }
    ],
    "routes": [
      {
        "vehicle": "b1e48abd-9314-4e2a-8df8-a9e9e40e37b4",
        "departure": {
          "airport": "Hickle, Huels and Miller",
          "city": "Pale",
          "country": "Bosnia and Herzegovina"
        },
        "destination": {
          "airport": "Bahringer and Sons",
          "city": "Hufang",
          "country": "China"
        }
      },
      {
        "vehicle": "3302dc63-8e7f-4bb2-bd0c-79b6c198ccc4",
        "departure": {
          "airport": "Batz Inc",
          "city": "Bantardawa",
          "country": "Indonesia"
        },
        "destination": {
          "airport": "Mann, Schumm and Stiedemann",
          "city": "Los Pinos",
          "region": "Guanajuato",
          "country": "Mexico"
        }
      }
    ]
  },
  {
    "id": "b1a54397-c759-4b1e-824a-b64a0e5cc3fc",
    "name": "Turner and Sons",
    "street": "77 Menomonie Park",
    "city": "Albuquerque",
    "region": "New Mexico",
    "country": "United States",
    "park": [
      {
        "id": "7e27d7d7-8804-4ca6-9c65-71c3b45cfcb1",
        "routeType": "local",
        "manufacturer": "Rohan Group",
        "year": 2020
      },
      {
        "id": "cf1b2df6-9de0-4c68-8b73-b9b0b2944e7b",
        "routeType": "local",
        "manufacturer": "Leuschke-Ortiz",
        "year": 2002
      },
      {
        "id": "d01f5387-30ed-4894-8e66-fb269adf17f4",
        "routeType": "local",
        "manufacturer": "Mann and Sons",
        "year": 1988
      }
    ],
    "routes": [
      {
        "vehicle": "d0723eb7-67bc-4932-b5a3-f760b3e8d298",
        "departure": {
          "airport": "Prohaska LLC",
          "city": "Rybnoye",
          "country": "Russia"
        },
        "destination": {
          "airport": "Oberbrunner and Sons",
          "city": "Shīeli",
          "country": "Kazakhstan"
        }
      },
      {
        "vehicle": "64ae2144-4a81-46ea-a162-620cc6cef50c",
        "departure": {
          "airport": "Hammes LLC",
          "city": "Beckerich",
          "country": "Luxembourg"
        },
        "destination": {
          "airport": "Schroeder, Legros and Marquardt",
          "city": "La Esperanza",
          "region": "Tamaulipas",
          "country": "Mexico"
        }
      }
    ]
  },
  {
    "id": "6d8d8d4d-0250-44c5-a06d-4bf74adb7318",
    "name": "Goldner-Pagac",
    "street": "38 Norway Maple Alley",
    "city": "Saint-Félicien",
    "region": "Québec",
    "country": "Canada",
    "park": [
      {
        "id": "7330478d-e353-4ecf-84a9-48bbccf1368b",
        "routeType": "long-distance",
        "manufacturer": "Nikolaus Inc",
        "year": 2002
      },
      {
        "id": "74dcef7a-ba57-4ee3-9dc8-74c0157733d7",
        "routeType": "local",
        "manufacturer": "Carroll-Schimmel",
        "year": 1987
      },
      {
        "id": "338545ea-1126-400b-8f9c-0ba09f374312",
        "routeType": "local",
        "manufacturer": "Kohler, Casper and Johns",
        "year": 1987
      }
    ],
    "routes": [
      {
        "vehicle": "07768f5f-9129-476c-9c64-4b2eeeb150e2",
        "departure": {
          "airport": "Reinger-Murazik",
          "city": "Balatun",
          "country": "Bosnia and Herzegovina"
        },
        "destination": {
          "airport": "Hermiston LLC",
          "city": "Heka",
          "country": "China"
        }
      },
      {
        "vehicle": "86702913-1632-4de0-9409-7c621c1a6ce2",
        "departure": {
          "airport": "Morar, Wuckert and Ondricka",
          "city": "Mando",
          "country": "Nigeria"
        },
        "destination": {
          "airport": "Funk and Sons",
          "city": "Az Zabadānī",
          "country": "Syria"
        }
      }
    ]
  }
]
