[
  {
    "id": "081df6a8-09fa-40aa-bc00-27ab14a9f216",
    "name": "Chevrolet",
    "street": "4659 American Lane",
    "city": "Montaigu",
    "region": "Pays de la Loire",
    "country": "France",
    "carModels": [
      {
        "id": "9facefb2-503f-4a21-96e3-272fffadf5ed",
        "name": "MPV",
        "year": 2000,
        "usdPrice": "$35852.42",
        "cadPrice": "$40615.71",
        "euroPrice": "€33338,73",
        "poundPrice": "£92221.34"
      },
      {
        "id": "bcb685e0-8315-4015-91e4-44257b7d1e91",
        "name": "Camry",
        "year": 2003,
        "usdPrice": "$39688.38",
        "cadPrice": "$76556.45",
        "euroPrice": "€99534,56",
        "poundPrice": "£76670.26"
      },
      {
        "id": "6b222199-1992-4168-98cc-77a194072be6",
        "name": "M",
        "year": 2011,
        "usdPrice": "$74122.16",
        "cadPrice": "$98345.04",
        "euroPrice": "€47275,87",
        "poundPrice": "£60432.34"
      }
    ],
    "cars": [
      {
        "vin": "JTDKN3DU8F0938961",
        "color": "Violet",
        "buyer": "rmissenden1x@cbslocal.com"
      },
      {
        "vin": "WP0CA2A84FS421937",
        "color": "Aquamarine",
        "buyer": "hhazeldene1y@admin.ch"
      },
      {
        "vin": "WAUEF98E37A023346",
        "color": "Fuscia",
        "buyer": "mwilliscroft1z@spiegel.de"
      },
      {
        "vin": "19UUA9E50CA543243",
        "color": "Teal",
        "buyer": "tcopestick20@unc.edu"
      },
      {
        "vin": "1NXBU4EE7AZ391940",
        "color": "Purple",
        "buyer": "jbaudrey21@diigo.com"
      },
      {
        "vin": "3C6JD6EP7CG059927",
        "color": "Turquoise",
        "buyer": "stunnah22@spotify.com"
      }
    ]
  },
  {
    "id": "6723f9df-0c01-4000-b803-368b41077d4a",
    "name": "Honda",
    "street": "4140 Fordem Alley",
    "city": "Sogcho",
    "country": "South Korea",
    "carModels": [
      {
        "id": "a1b457de-73f7-4c7f-b00c-926bcfa6892b",
        "name": "Sterling",
        "year": 1991,
        "usdPrice": "$77835.38",
        "cadPrice": "$10632.39",
        "euroPrice": "€43923,91",
        "poundPrice": "£39931.27"
      },
      {
        "id": "0c8c3aa4-6f43-4a4f-b4e4-711921563792",
        "name": "Express 2500",
        "year": 2002,
        "usdPrice": "$40634.07",
        "cadPrice": "$96011.72",
        "euroPrice": "€50872,75",
        "poundPrice": "£40639.78"
      },
      {
        "id": "219a4ba2-eb4d-48fa-80fe-b03e386492a1",
        "name": "200",
        "year": 2011,
        "usdPrice": "$22427.39",
        "cadPrice": "$62815.28",
        "euroPrice": "€83212,88",
        "poundPrice": "£86678.96"
      }
    ],
    "cars": [
      {
        "vin": "3VWML7AJ7CM158522",
        "color": "Crimson",
        "buyer": "ayewdell1s@usatoday.com"
      },
      {
        "vin": "WBAAZ33415K491391",
        "color": "Puce",
        "buyer": "aslyme1t@youtube.com"
      },
      {
        "vin": "1N6AA0CA6BN857626",
        "color": "Mauv",
        "buyer": "sroscamp1u@newsvine.com"
      },
      {
        "vin": "1FTNF2A58AE079509",
        "color": "Khaki",
        "buyer": "dpickavance1v@friendfeed.com"
      },
      {
        "vin": "WVGAV7AX1BW901951",
        "color": "Pink",
        "buyer": "ndulake1w@google.nl"
      }
    ]
  },
  {
    "id": "ea7f382b-d285-47f7-a671-f2c1e4b2ed0d",
    "name": "Lincoln",
    "street": "30 Barby Alley",
    "city": "Noyon",
    "region": "Picardie",
    "country": "France",
    "carModels": [
      {
        "id": "e81573c7-a7f2-488c-ab55-4a059c05119c",
        "name": "Thunderbird",
        "year": 1989,
        "usdPrice": "$91827.63",
        "cadPrice": "$95758.28",
        "euroPrice": "€35276,93",
        "poundPrice": "£94533.67"
      },
      {
        "id": "ee579150-4e7b-43ce-be61-10847fdf607a",
        "name": "Miata MX-5",
        "year": 2003,
        "usdPrice": "$70663.60",
        "cadPrice": "$84159.72",
        "euroPrice": "€32672,77",
        "poundPrice": "£16631.85"
      },
      {
        "id": "7014e302-2e81-4c61-b02a-9ddf9437e2c8",
        "name": "Ram Van B350",
        "year": 1992,
        "usdPrice": "$14259.75",
        "cadPrice": "$50843.92",
        "euroPrice": "€20204,36",
        "poundPrice": "£77350.43"
      }
    ],
    "cars": [
      {
        "vin": "WAUNF78P38A124572",
        "color": "Blue",
        "buyer": "astreeter1n@privacy.gov.au"
      },
      {
        "vin": "WAUAF78E18A009563",
        "color": "Turquoise",
        "buyer": "jtemby1o@xing.com"
      },
      {
        "vin": "KMHFH4JG1FA970458",
        "color": "Aquamarine",
        "buyer": "kvaller1p@4shared.com"
      },
      {
        "vin": "WAU2GBFC2CN230998",
        "color": "Red",
        "buyer": "acrosswaite1q@wsj.com"
      },
      {
        "vin": "WAUVF98K89A984565",
        "color": "Teal",
        "buyer": "lnicholl1r@godaddy.com"
      }
    ]
  },
  {
    "id": "74c4cb1a-65c3-4012-af6d-7dd921532ad7",
    "name": "Ford",
    "street": "820 Valley Edge Street",
    "city": "La Seyne-sur-Mer",
    "region": "Provence-Alpes-Côte d'Azur",
    "country": "France",
    "carModels": [
      {
        "id": "b4750632-3546-442c-b303-485360818dc5",
        "name": "Explorer",
        "year": 2013,
        "usdPrice": "$57828.44",
        "cadPrice": "$63983.16",
        "euroPrice": "€20016,38",
        "poundPrice": "£44682.78"
      },
      {
        "id": "30ae99bf-02d0-465c-91ee-9f514479ad62",
        "name": "300M",
        "year": 2002,
        "usdPrice": "$27315.20",
        "cadPrice": "$68159.92",
        "euroPrice": "€74252,65",
        "poundPrice": "£55092.93"
      },
      {
        "id": "6b365628-92a7-4745-a7ea-1d6d8ebb4f02",
        "name": "Trans Sport",
        "year": 1995,
        "usdPrice": "$93029.12",
        "cadPrice": "$78635.77",
        "euroPrice": "€67850,56",
        "poundPrice": "£52737.17"
      }
    ],
    "cars": [
      {
        "vin": "1J4PN2GK8AW403803",
        "color": "Purple",
        "buyer": "dmottershaw1i@senate.gov"
      },
      {
        "vin": "5TDBW5G18FS612858",
        "color": "Maroon",
        "buyer": "rdesesquelle1j@issuu.com"
      },
      {
        "vin": "WBS3C9C53FP537356",
        "color": "Fuscia",
        "buyer": "mroubottom1k@quantcast.com"
      },
      {
        "vin": "1GD01ZCG6CF361384",
        "color": "Violet",
        "buyer": "nhenrot1l@psu.edu"
      },
      {
        "vin": "1FTWW3A58AE430459",
        "color": "Violet",
        "buyer": "qkelloch1m@sitemeter.com"
      }
    ]
  },
  {
    "id": "485a6a77-c251-4920-b00d-a9c96f8b0037",
    "name": "Chrysler",
    "street": "8 Killdeer Place",
    "city": "Creil",
    "region": "Picardie",
    "country": "France",
    "carModels": [
      {
        "id": "81af56c0-0b29-4f32-89c3-42f899c271f9",
        "name": "Ridgeline",
        "year": 2011,
        "usdPrice": "$63461.61",
        "cadPrice": "$53755.91",
        "euroPrice": "€10147,12",
        "poundPrice": "£48835.51"
      },
      {
        "id": "ca04026c-429b-4822-9334-2f37f4e14646",
        "name": "RX Hybrid",
        "year": 2010,
        "usdPrice": "$10441.06",
        "cadPrice": "$19802.60",
        "euroPrice": "€50283,48",
        "poundPrice": "£98516.76"
      },
      {
        "id": "2a046362-94fa-4fad-9971-ee8793bce80a",
        "name": "Sonoma Club Coupe",
        "year": 1994,
        "usdPrice": "$87244.40",
        "cadPrice": "$18099.62",
        "euroPrice": "€38217,23",
        "poundPrice": "£26810.96"
      }
    ],
    "cars": [
      {
        "vin": "5LMJJ2H50DE219118",
        "color": "Red",
        "buyer": "lbane1e@hud.gov"
      },
      {
        "vin": "WDDHH8JB4FB808428",
        "color": "Violet",
        "buyer": "aimpleton1f@ameblo.jp"
      },
      {
        "vin": "WAULC68E25A513742",
        "color": "Goldenrod",
        "buyer": "seymer1g@microsoft.com"
      },
      {
        "vin": "WAUEH98E16A740482",
        "color": "Orange",
        "buyer": "jleaves1h@rediff.com"
      }
    ]
  },
  {
    "id": "fc8c76c4-9a64-44e8-ba64-f17565d9a467",
    "name": "Lamborghini",
    "street": "959 Rusk Terrace",
    "city": "Chalon-sur-Saône",
    "region": "Bourgogne",
    "country": "France",
    "carModels": [
      {
        "id": "ec33ad8c-bef4-4daf-9959-2489c84d61c3",
        "name": "Alliance",
        "year": 1983,
        "usdPrice": "$77436.71",
        "cadPrice": "$88109.35",
        "euroPrice": "€50198,90",
        "poundPrice": "£11096.50"
      },
      {
        "id": "d20479a0-2af0-4bf5-b676-64817e83a5fb",
        "name": "Riviera",
        "year": 1991,
        "usdPrice": "$50122.72",
        "cadPrice": "$56456.77",
        "euroPrice": "€88934,08",
        "poundPrice": "£19085.89"
      },
      {
        "id": "6988d761-270e-4d41-9d4f-a3777aeaba05",
        "name": "H1",
        "year": 2002,
        "usdPrice": "$40294.99",
        "cadPrice": "$25707.13",
        "euroPrice": "€68592,98",
        "poundPrice": "£96691.41"
      }
    ],
    "cars": [
      {
        "vin": "WAUUL78E95A440024",
        "color": "Mauv",
        "buyer": "lbearfoot19@people.com.cn"
      },
      {
        "vin": "1C6RD6HT1CS162250",
        "color": "Teal",
        "buyer": "jbrisker1a@msu.edu"
      },
      {
        "vin": "WBA3T1C50FP139172",
        "color": "Purple",
        "buyer": "menrico1b@tuttocitta.it"
      },
      {
        "vin": "1G6AF5SX1D0448749",
        "color": "Violet",
        "buyer": "rrenish1c@mysql.com"
      },
      {
        "vin": "1ZVBP8JZ2E5399226",
        "color": "Puce",
        "buyer": "myukhnov1d@alexa.com"
      }
    ]
  },
  {
    "id": "b22e2006-4461-4b6f-b5ab-24627869c943",
    "name": "Toyota",
    "street": "1062 Northridge Avenue",
    "city": "Gap",
    "region": "Provence-Alpes-Côte d'Azur",
    "country": "France",
    "carModels": [
      {
        "id": "a2b33f24-dd00-4e7c-aa17-8c93dffaa0cf",
        "name": "Firebird",
        "year": 2002,
        "usdPrice": "$44301.34",
        "cadPrice": "$32592.34",
        "euroPrice": "€33547,31",
        "poundPrice": "£27766.08"
      },
      {
        "id": "4d74d75a-7acf-4d7d-a397-9579e9501444",
        "name": "Mustang",
        "year": 1989,
        "usdPrice": "$93278.35",
        "cadPrice": "$39562.19",
        "euroPrice": "€55058,77",
        "poundPrice": "£57686.89"
      },
      {
        "id": "3577ad54-36c4-4220-a32b-2546fe91cf6c",
        "name": "Mystique",
        "year": 1997,
        "usdPrice": "$16897.33",
        "cadPrice": "$36608.90",
        "euroPrice": "€28992,90",
        "poundPrice": "£28643.98"
      }
    ],
    "cars": [
      {
        "vin": "1GYS4JEF9BR097398",
        "color": "Fuscia",
        "buyer": "eskentelbury14@google.es"
      },
      {
        "vin": "JHMFA3F2XAS772155",
        "color": "Violet",
        "buyer": "ldarrigone15@prweb.com"
      },
      {
        "vin": "WA1KK78R49A402300",
        "color": "Puce",
        "buyer": "mpavlasek16@bandcamp.com"
      },
      {
        "vin": "WAUKFAFL5CA367972",
        "color": "Turquoise",
        "buyer": "bcarse17@cam.ac.uk"
      },
      {
        "vin": "1FTMF1EW7AF880063",
        "color": "Puce",
        "buyer": "vchivrall18@theguardian.com"
      }
    ]
  },
  {
    "id": "b2e9091c-9882-491b-a674-0267751be06f",
    "name": "Mitsubishi",
    "street": "97633 Jackson Center",
    "city": "Houston",
    "region": "Texas",
    "country": "United States",
    "carModels": [
      {
        "id": "11e9ea60-4fed-422f-83ad-2603053884ae",
        "name": "Wrangler",
        "year": 2012,
        "usdPrice": "$27390.99",
        "cadPrice": "$22569.61",
        "euroPrice": "€67857,58",
        "poundPrice": "£72816.35"
      },
      {
        "id": "78b67884-1be0-4f27-b6b9-61bca357ab5d",
        "name": "CL-Class",
        "year": 2012,
        "usdPrice": "$19723.00",
        "cadPrice": "$41987.23",
        "euroPrice": "€30528,66",
        "poundPrice": "£69807.68"
      },
      {
        "id": "772a0a35-72a2-4309-b985-2f98cd663101",
        "name": "Golf",
        "year": 1995,
        "usdPrice": "$41588.26",
        "cadPrice": "$46995.00",
        "euroPrice": "€56153,75",
        "poundPrice": "£73142.71"
      }
    ],
    "cars": [
      {
        "vin": "SCBFR7ZA7CC524370",
        "color": "Purple",
        "buyer": "frivilisz@indiatimes.com"
      },
      {
        "vin": "WAUDFAFLXBA445766",
        "color": "Goldenrod",
        "buyer": "samorts10@hexun.com"
      },
      {
        "vin": "2B3CK2CV5AH266252",
        "color": "Violet",
        "buyer": "bcolleer11@squarespace.com"
      },
      {
        "vin": "NM0AE8F7XE1656374",
        "color": "Violet",
        "buyer": "mbonass12@google.de"
      },
      {
        "vin": "5N1AN0NU5AC947550",
        "color": "Turquoise",
        "buyer": "jinkin13@github.io"
      }
    ]
  },
  {
    "id": "275fda79-516d-44c5-ab72-d4c4874833eb",
    "name": "Cadillac",
    "street": "56 Heffernan Place",
    "city": "Arras",
    "region": "Nord-Pas-de-Calais",
    "country": "France",
    "carModels": [
      {
        "id": "b8c784d1-0993-4586-8ec2-9316a649c54c",
        "name": "Prizm",
        "year": 1997,
        "usdPrice": "$72413.64",
        "cadPrice": "$91227.65",
        "euroPrice": "€21909,72",
        "poundPrice": "£41593.23"
      },
      {
        "id": "40b2b19f-fbae-4aeb-ac82-01d06cf9ef25",
        "name": "Defender",
        "year": 1995,
        "usdPrice": "$68341.38",
        "cadPrice": "$29247.80",
        "euroPrice": "€36086,04",
        "poundPrice": "£94567.80"
      },
      {
        "id": "5e1b284a-6172-485e-bfd8-5a9b69e62958",
        "name": "Sunbird",
        "year": 1988,
        "usdPrice": "$50913.38",
        "cadPrice": "$32835.18",
        "euroPrice": "€71301,49",
        "poundPrice": "£71629.21"
      }
    ],
    "cars": [
      {
        "vin": "3C6JD6BP8CG986455",
        "color": "Green",
        "buyer": "okuncu@discuz.net"
      },
      {
        "vin": "WBA5A7C51FD606778",
        "color": "Aquamarine",
        "buyer": "rsantenv@tinypic.com"
      },
      {
        "vin": "4T1BD1EB8FU859508",
        "color": "Indigo",
        "buyer": "nchaggw@go.com"
      },
      {
        "vin": "JA32X8HW7DU297437",
        "color": "Maroon",
        "buyer": "nyoellx@deviantart.com"
      },
      {
        "vin": "4T3BA3BB8AU048820",
        "color": "Blue",
        "buyer": "meburahy@dyndns.org"
      }
    ]
  },
  {
    "id": "6a859745-9392-43e1-97de-25bfc0569742",
    "name": "GMC",
    "street": "51557 Grasskamp Crossing",
    "city": "Annecy",
    "region": "Rhône-Alpes",
    "country": "France",
    "carModels": [
      {
        "id": "50a3fa57-e3e3-4d79-94a8-ea15f604f042",
        "name": "Passport",
        "year": 1997,
        "usdPrice": "$37484.57",
        "cadPrice": "$63691.54",
        "euroPrice": "€75326,90",
        "poundPrice": "£14916.26"
      },
      {
        "id": "5976b6f4-87f3-4c37-9f90-b14468b8164e",
        "name": "Talon",
        "year": 1998,
        "usdPrice": "$50778.85",
        "cadPrice": "$32493.59",
        "euroPrice": "€24999,34",
        "poundPrice": "£23428.99"
      },
      {
        "id": "37c58d92-256c-4574-9bb7-5efa73ff160b",
        "name": "Odyssey",
        "year": 2007,
        "usdPrice": "$78863.61",
        "cadPrice": "$31236.27",
        "euroPrice": "€38328,87",
        "poundPrice": "£61452.13"
      }
    ],
    "cars": [
      {
        "vin": "1FMEU8FEXAU382830",
        "color": "Aquamarine",
        "buyer": "tdownhamp@photobucket.com"
      },
      {
        "vin": "WAURVAFA2AN180226",
        "color": "Blue",
        "buyer": "mpalmbyq@twitpic.com"
      },
      {
        "vin": "1G6AG5RXXF0337705",
        "color": "Puce",
        "buyer": "pcappelr@theatlantic.com"
      },
      {
        "vin": "5NPEB4AC9DH048136",
        "color": "Pink",
        "buyer": "nkerrs@webs.com"
      },
      {
        "vin": "SCBBR93W29C479510",
        "color": "Blue",
        "buyer": "ojanset@cyberchimps.com"
      }
    ]
  },
  {
    "id": "97a0360a-2611-45f1-877b-f18c2cb6b998",
    "name": "Pontiac",
    "street": "59361 Sundown Crossing",
    "city": "Duluth",
    "region": "Georgia",
    "country": "United States",
    "carModels": [
      {
        "id": "bf91d55f-1763-4fe3-a400-162fb8b1700a",
        "name": "Trooper",
        "year": 1993,
        "usdPrice": "$88353.26",
        "cadPrice": "$39414.65",
        "euroPrice": "€30468,59",
        "poundPrice": "£14494.00"
      },
      {
        "id": "9a75432d-c2e1-4688-b917-7779c98a2d0f",
        "name": "CX-9",
        "year": 2011,
        "usdPrice": "$53627.47",
        "cadPrice": "$94442.87",
        "euroPrice": "€99368,82",
        "poundPrice": "£14091.59"
      },
      {
        "id": "bc33df86-0f35-4dfb-a370-afb9c5a1ae2b",
        "name": "Liberty",
        "year": 2011,
        "usdPrice": "$51203.74",
        "cadPrice": "$76059.23",
        "euroPrice": "€31646,26",
        "poundPrice": "£24225.92"
      }
    ],
    "cars": [
      {
        "vin": "WA1CGBFE5BD708287",
        "color": "Khaki",
        "buyer": "epeirpointk@earthlink.net"
      },
      {
        "vin": "2G4WB55K931473198",
        "color": "Aquamarine",
        "buyer": "mrylandsl@businessinsider.com"
      },
      {
        "vin": "JN1AZ4EH7BM905267",
        "color": "Aquamarine",
        "buyer": "rfretterm@quantcast.com"
      },
      {
        "vin": "SAJWA6E71E8805080",
        "color": "Red",
        "buyer": "kjankiewiczn@amazon.co.jp"
      },
      {
        "vin": "1GYUCDEF3AR532654",
        "color": "Yellow",
        "buyer": "mlocktono@ox.ac.uk"
      }
    ]
  },
  {
    "id": "3555b263-c8a4-4e81-b787-13e407adcaf4",
    "name": "Mercedes-Benz",
    "street": "69619 Farragut Place",
    "city": "Pensacola",
    "region": "Florida",
    "country": "United States",
    "carModels": [
      {
        "id": "0161cdb2-94a8-484e-aad4-d4c113377f8a",
        "name": "Cayman",
        "year": 2010,
        "usdPrice": "$38934.34",
        "cadPrice": "$61900.35",
        "euroPrice": "€35286,24",
        "poundPrice": "£22593.86"
      },
      {
        "id": "477cd8e7-1d69-4e6a-b3e1-253245c45a74",
        "name": "LS",
        "year": 1995,
        "usdPrice": "$78549.09",
        "cadPrice": "$34991.86",
        "euroPrice": "€96730,98",
        "poundPrice": "£28497.64"
      },
      {
        "id": "b378a09c-28fc-4d3d-8dbc-97fa24d3b5be",
        "name": "3500",
        "year": 2011,
        "usdPrice": "$91279.42",
        "cadPrice": "$73675.26",
        "euroPrice": "€56946,56",
        "poundPrice": "£57657.19"
      }
    ],
    "cars": [
      {
        "vin": "2G4GN5EK9C9998789",
        "color": "Mauv",
        "buyer": "nromaintf@wunderground.com"
      },
      {
        "vin": "1G4GD5ED4BF376174",
        "color": "Mauv",
        "buyer": "mmcgaughayg@redcross.org"
      },
      {
        "vin": "1G4HP52K654786120",
        "color": "Maroon",
        "buyer": "jaslinh@auda.org.au"
      },
      {
        "vin": "WDDHF5KB0EA157872",
        "color": "Purple",
        "buyer": "kdimitrescui@lulu.com"
      },
      {
        "vin": "3C4PDDEG5DT348904",
        "color": "Yellow",
        "buyer": "ehuguenetj@examiner.com"
      }
    ]
  },
  {
    "id": "d9dcc23c-c0bb-4598-bdb4-32e2431d6bae",
    "name": "Dodge",
    "street": "0 Northview Lane",
    "city": "Maizuru",
    "country": "Japan",
    "carModels": [
      {
        "id": "5217685e-9a49-47e9-91d4-6f1d449fbbbe",
        "name": "Ram Van 3500",
        "year": 2003,
        "usdPrice": "$74298.10",
        "cadPrice": "$99669.69",
        "euroPrice": "€67548,01",
        "poundPrice": "£95455.36"
      },
      {
        "id": "d5196f96-9b54-485b-aa26-9c3f420a9a0c",
        "name": "GTO",
        "year": 2006,
        "usdPrice": "$82668.20",
        "cadPrice": "$49687.96",
        "euroPrice": "€24723,55",
        "poundPrice": "£82249.33"
      },
      {
        "id": "903cd852-125d-4bda-b0c2-86371cb97637",
        "name": "612 Scaglietti",
        "year": 2007,
        "usdPrice": "$38686.66",
        "cadPrice": "$84396.72",
        "euroPrice": "€59104,79",
        "poundPrice": "£44888.81"
      }
    ],
    "cars": [
      {
        "vin": "1N6AA0CH5FN487935",
        "color": "Aquamarine",
        "buyer": "dbirtleya@craigslist.org"
      },
      {
        "vin": "1C3CCBBB5CN430178",
        "color": "Maroon",
        "buyer": "rtingcombb@arizona.edu"
      },
      {
        "vin": "1FMHK7B80CG283142",
        "color": "Green",
        "buyer": "jtwinnc@bigcartel.com"
      },
      {
        "vin": "3D73Y3HL1BG734768",
        "color": "Orange",
        "buyer": "bduelld@last.fm"
      },
      {
        "vin": "1N4AL2EP9DC930552",
        "color": "Pink",
        "buyer": "acholdcrofte@apache.org"
      }
    ]
  },
  {
    "id": "b2f54f87-6ba9-4727-bffd-15fbc91bf74c",
    "name": "Mercury",
    "street": "15976 Northland Court",
    "city": "Chambéry",
    "region": "Rhône-Alpes",
    "country": "France",
    "carModels": [
      {
        "id": "9fdf5b78-a4f6-421d-bb31-7905659148f4",
        "name": "Integra",
        "year": 1992,
        "usdPrice": "$85390.20",
        "cadPrice": "$49759.47",
        "euroPrice": "€35901,90",
        "poundPrice": "£36175.29"
      },
      {
        "id": "7eb6db6a-3e5f-4f45-9868-abc9147c07f4",
        "name": "F-Series",
        "year": 2010,
        "usdPrice": "$51991.77",
        "cadPrice": "$86337.76",
        "euroPrice": "€64038,87",
        "poundPrice": "£87952.16"
      },
      {
        "id": "d1509dec-8127-4c19-af56-351e7a0f6e03",
        "name": "G",
        "year": 1993,
        "usdPrice": "$97249.58",
        "cadPrice": "$54509.86",
        "euroPrice": "€52900,33",
        "poundPrice": "£64395.40"
      }
    ],
    "cars": [
      {
        "vin": "3FAHP0DC5AR079112",
        "color": "Fuscia",
        "buyer": "alewens5@github.io"
      },
      {
        "vin": "3GTU1YEJ3BG470763",
        "color": "Crimson",
        "buyer": "sandrassy6@msn.com"
      },
      {
        "vin": "1G4HE57Y88U127043",
        "color": "Aquamarine",
        "buyer": "bvonwelden7@foxnews.com"
      },
      {
        "vin": "WAUVT54B34N516039",
        "color": "Blue",
        "buyer": "mwattam8@cmu.edu"
      },
      {
        "vin": "5J8TB18239A146727",
        "color": "Pink",
        "buyer": "mbenedicto9@netlog.com"
      }
    ]
  },
  {
    "id": "39c96929-c2fb-4018-987d-8ba1a5cb9f1a",
    "name": "Ford",
    "street": "28691 Beilfuss Way",
    "city": "Namie",
    "country": "Japan",
    "carModels": [
      {
        "id": "aa63872b-a97a-4e37-b8ce-c5fa1c75e003",
        "name": "Solara",
        "year": 2005,
        "usdPrice": "$69129.33",
        "cadPrice": "$30047.56",
        "euroPrice": "€20685,47",
        "poundPrice": "£87481.51"
      },
      {
        "id": "011ca1fe-128c-4612-b687-460f2d7f896a",
        "name": "Gallardo",
        "year": 2003,
        "usdPrice": "$43340.27",
        "cadPrice": "$66355.17",
        "euroPrice": "€55955,76",
        "poundPrice": "£14512.07"
      },
      {
        "id": "375138e5-9618-43e0-8369-f766b0565485",
        "name": "Classic",
        "year": 2005,
        "usdPrice": "$10268.87",
        "cadPrice": "$19750.03",
        "euroPrice": "€50367,00",
        "poundPrice": "£97974.68"
      }
    ],
    "cars": [
      {
        "vin": "1G6YV36AX95257126",
        "color": "Violet",
        "buyer": "rneild0@wiley.com"
      },
      {
        "vin": "1N6AF0LY8EN892607",
        "color": "Blue",
        "buyer": "kdorosario1@dagondesign.com"
      },
      {
        "vin": "WAUDF48H07K844617",
        "color": "Maroon",
        "buyer": "astonnell2@aol.com"
      },
      {
        "vin": "WAUDL94F65N744799",
        "color": "Green",
        "buyer": "mtumilson3@hugedomains.com"
      },
      {
        "vin": "1C3CDZCB7EN704102",
        "color": "Blue",
        "buyer": "cshellard4@skyrock.com"
      }
    ]
  }
]
