[
  {
    "id": "844fbd8c-d73b-45bd-9eda-9123ee18864d",
    "name": "Schulist Inc",
    "address": {
      "street": "5623 Clove Avenue",
      "city": "Grand Rapids",
      "region": "Michigan",
      "country": "United States"
    },
    "specialty": "Action|Drama",
    "catalog": [
      {
        "isbn": "168700913-9",
        "title": "First Love",
        "availability": true,
        "year": 2009,
        "genre": "Comedy|Musical",
        "description": "Duis aliquam convallis nunc. Proin at turpis a pede posuere nonummy. Integer non velit.\n\nDonec diam neque, vestibulum eget, vulputate ut, ultrices vel, augue. Vestibulum ante ipsum primis in faucibus orci luctus et ultrices posuere cubilia Curae; Donec pharetra, magna vestibulum aliquet ultrices, erat tortor sollicitudin mi, sit amet lobortis sapien sapien non mi. Integer ac neque.",
        "author": "Aldis Huckster"
      },
      {
        "isbn": "678248716-0",
        "title": "Mr. Deeds",
        "availability": true,
        "year": 2012,
        "genre": "Comedy|Romance",
        "description": "Phasellus sit amet erat. Nulla tempus. Vivamus in felis eu sapien cursus vestibulum.\n\nProin eu mi. Nulla ac enim. In tempor, turpis nec euismod scelerisque, quam turpis adipiscing lorem, vitae mattis nibh ligula nec sem.",
        "author": "Alleyn Saladine"
      },
      {
        "isbn": "883469015-X",
        "title": "Double Dare",
        "availability": false,
        "year": 1961,
        "genre": "Documentary",
        "description": "Donec diam neque, vestibulum eget, vulputate ut, ultrices vel, augue. Vestibulum ante ipsum primis in faucibus orci luctus et ultrices posuere cubilia Curae; Donec pharetra, magna vestibulum aliquet ultrices, erat tortor sollicitudin mi, sit amet lobortis sapien sapien non mi. Integer ac neque.\n\nDuis bibendum. Morbi non quam nec dui luctus rutrum. Nulla tellus.\n\nIn sagittis dui vel nisl. Duis ac nibh. Fusce lacus purus, aliquet at, feugiat non, pretium quis, lectus.",
        "author": "Ced Trowl"
      },
      {
        "isbn": "481041671-2",
        "title": "Some Came Running",
        "availability": false,
        "year": 1974,
        "genre": "Drama|Romance",
        "description": "Lorem ipsum dolor sit amet, consectetuer adipiscing elit. Proin risus. Praesent lectus.\n\nVestibulum quam sapien, varius ut, blandit non, interdum in, ante. Vestibulum ante ipsum primis in faucibus orci luctus et ultrices posuere cubilia Curae; Duis faucibus accumsan odio. Curabitur convallis.",
        "author": "Natal Shalliker"
      },
      {
        "isbn": "558526693-4",
        "title": "Jim Jefferies: BARE",
        "availability": true,
        "year": 1960,
        "genre": "Comedy",
        "description": "Proin leo odio, porttitor id, consequat in, consequat ut, nulla. Sed accumsan felis. Ut at dolor quis odio consequat varius.\n\nInteger ac leo. Pellentesque ultrices mattis odio. Donec vitae nisi.",
        "author": "Carmita Rubinowicz"
      }
    ]
  },
  {
    "id": "e2f0043e-5307-4c78-b1a5-71d56c869515",
    "name": "Langosh, Lebsack and Nitzsche",
    "address": {
      "street": "55 Loeprich Plaza",
      "city": "Oliver",
      "region": "British Columbia",
      "country": "Canada"
    },
    "specialty": "Action|Adventure|Crime|Drama",
    "catalog": [
      {
        "isbn": "980168491-7",
        "title": "Sound and Fury",
        "availability": false,
        "year": 2017,
        "genre": "Documentary",
        "description": "In congue. Etiam justo. Etiam pretium iaculis justo.",
        "author": "Nancie Coaten"
      },
      {
        "isbn": "570629696-0",
        "title": "Wagner's Dream",
        "availability": false,
        "year": 1979,
        "genre": "Documentary",
        "description": "In hac habitasse platea dictumst. Morbi vestibulum, velit id pretium iaculis, diam erat fermentum justo, nec condimentum neque sapien placerat ante. Nulla justo.\n\nAliquam quis turpis eget elit sodales scelerisque. Mauris sit amet eros. Suspendisse accumsan tortor quis turpis.",
        "author": "Mona McCart"
      },
      {
        "isbn": "111137732-4",
        "title": "Defense of the Realm",
        "availability": true,
        "year": 1972,
        "genre": "Thriller",
        "description": "Phasellus in felis. Donec semper sapien a libero. Nam dui.",
        "author": "Vanni Dumbrall"
      },
      {
        "isbn": "804058621-6",
        "title": "Sorcerer's Apprentice, The",
        "availability": false,
        "year": 1975,
        "genre": "Action|Adventure|Children|Comedy|Fantasy",
        "description": "Duis consequat dui nec nisi volutpat eleifend. Donec ut dolor. Morbi vel lectus in quam fringilla rhoncus.\n\nMauris enim leo, rhoncus sed, vestibulum sit amet, cursus id, turpis. Integer aliquet, massa id lobortis convallis, tortor risus dapibus augue, vel accumsan tellus nisi eu orci. Mauris lacinia sapien quis libero.",
        "author": "Birgit Huckett"
      },
      {
        "isbn": "098348231-4",
        "title": "Sharknado",
        "availability": true,
        "year": 1963,
        "genre": "Sci-Fi",
        "description": "Duis bibendum, felis sed interdum venenatis, turpis enim blandit mi, in porttitor pede justo eu massa. Donec dapibus. Duis at velit eu est congue elementum.",
        "author": "Gilly Pardey"
      }
    ]
  },
  {
    "id": "cc425b54-76f7-41a3-916f-4f853159dc56",
    "name": "Barton LLC",
    "address": {
      "street": "28091 Melvin Road",
      "city": "Saint-Lambert-de-Lauzon",
      "region": "Québec",
      "country": "Canada"
    },
    "specialty": "Documentary",
    "catalog": [
      {
        "isbn": "255412594-5",
        "title": "John Doe: Vigilante",
        "availability": false,
        "year": 1992,
        "genre": "Crime|Thriller",
        "description": "Curabitur in libero ut massa volutpat convallis. Morbi odio odio, elementum eu, interdum eu, tincidunt in, leo. Maecenas pulvinar lobortis est.\n\nPhasellus sit amet erat. Nulla tempus. Vivamus in felis eu sapien cursus vestibulum.\n\nProin eu mi. Nulla ac enim. In tempor, turpis nec euismod scelerisque, quam turpis adipiscing lorem, vitae mattis nibh ligula nec sem.",
        "author": "Bradley Paffett"
      },
      {
        "isbn": "430971482-X",
        "title": "Hot Lead and Cold Feet",
        "availability": false,
        "year": 1954,
        "genre": "Action|Comedy|Western",
        "description": "Lorem ipsum dolor sit amet, consectetuer adipiscing elit. Proin risus. Praesent lectus.\n\nVestibulum quam sapien, varius ut, blandit non, interdum in, ante. Vestibulum ante ipsum primis in faucibus orci luctus et ultrices posuere cubilia Curae; Duis faucibus accumsan odio. Curabitur convallis.",
        "author": "Justinian Park"
      },
      {
        "isbn": "468919063-1",
        "title": "Carpenter, The",
        "availability": false,
        "year": 2002,
        "genre": "Horror|Thriller",
        "description": "Duis bibendum, felis sed interdum venenatis, turpis enim blandit mi, in porttitor pede justo eu massa. Donec dapibus. Duis at velit eu est congue elementum.",
        "author": "Ximenes Gee"
      },
      {
        "isbn": "299132541-0",
        "title": "The Fault in Our Stars",
        "availability": true,
        "year": 2011,
        "genre": "Drama|Romance",
        "description": "Morbi non lectus. Aliquam sit amet diam in magna bibendum imperdiet. Nullam orci pede, venenatis non, sodales sed, tincidunt eu, felis.\n\nFusce posuere felis sed lacus. Morbi sem mauris, laoreet ut, rhoncus aliquet, pulvinar sed, nisl. Nunc rhoncus dui vel sem.",
        "author": "Vasily Hancock"
      },
      {
        "isbn": "522331633-9",
        "title": "Compulsion",
        "availability": false,
        "year": 1954,
        "genre": "Crime|Drama|Thriller",
        "description": "Fusce consequat. Nulla nisl. Nunc nisl.",
        "author": "Fabien Goddert.sf"
      }
    ]
  },
  {
    "id": "df1024da-ef2f-472a-867c-b97699bbe56f",
    "name": "Windler, Nader and Sipes",
    "address": {
      "street": "569 Barnett Alley",
      "city": "Saint-Félicien",
      "region": "Québec",
      "country": "Canada"
    },
    "specialty": "Comedy",
    "catalog": [
      {
        "isbn": "801964024-X",
        "title": "Hypnotist, The (Hypnotisören)",
        "availability": false,
        "year": 1957,
        "genre": "Thriller",
        "description": "Vestibulum quam sapien, varius ut, blandit non, interdum in, ante. Vestibulum ante ipsum primis in faucibus orci luctus et ultrices posuere cubilia Curae; Duis faucibus accumsan odio. Curabitur convallis.",
        "author": "Alex Hoble"
      },
      {
        "isbn": "920042041-9",
        "title": "Waking the Dead",
        "availability": false,
        "year": 2005,
        "genre": "Drama|Thriller",
        "description": "In congue. Etiam justo. Etiam pretium iaculis justo.\n\nIn hac habitasse platea dictumst. Etiam faucibus cursus urna. Ut tellus.",
        "author": "Charlena Saunter"
      },
      {
        "isbn": "557345009-3",
        "title": "Blue Angel, The (Blaue Engel, Der)",
        "availability": false,
        "year": 2002,
        "genre": "Drama",
        "description": "Phasellus in felis. Donec semper sapien a libero. Nam dui.\n\nProin leo odio, porttitor id, consequat in, consequat ut, nulla. Sed accumsan felis. Ut at dolor quis odio consequat varius.\n\nInteger ac leo. Pellentesque ultrices mattis odio. Donec vitae nisi.",
        "author": "Ingrid Trimming"
      },
      {
        "isbn": "567657398-8",
        "title": "Autumn Heart, The",
        "availability": false,
        "year": 1994,
        "genre": "Drama",
        "description": "Sed sagittis. Nam congue, risus semper porta volutpat, quam pede lobortis ligula, sit amet eleifend pede libero quis orci. Nullam molestie nibh in lectus.\n\nPellentesque at nulla. Suspendisse potenti. Cras in purus eu magna vulputate luctus.",
        "author": "Alison Stannas"
      },
      {
        "isbn": "650645282-X",
        "title": "White Rose, The (Weiße Rose, Die)",
        "availability": false,
        "year": 1993,
        "genre": "Drama|Film-Noir",
        "description": "Duis consequat dui nec nisi volutpat eleifend. Donec ut dolor. Morbi vel lectus in quam fringilla rhoncus.\n\nMauris enim leo, rhoncus sed, vestibulum sit amet, cursus id, turpis. Integer aliquet, massa id lobortis convallis, tortor risus dapibus augue, vel accumsan tellus nisi eu orci. Mauris lacinia sapien quis libero.\n\nNullam sit amet turpis elementum ligula vehicula consequat. Morbi a ipsum. Integer a nibh.",
        "author": "Humfrid Rudolph"
      }
    ]
  },
  {
    "id": "96354ed7-0d00-460a-85c0-f3a92199ebb9",
    "name": "Ernser, VonRueden and Grimes",
    "address": {
      "street": "78171 Westport Court",
      "city": "Washington",
      "region": "District of Columbia",
      "country": "United States"
    },
    "specialty": "Drama",
    "catalog": [
      {
        "isbn": "876579564-4",
        "title": "Scott Joplin",
        "availability": true,
        "year": 2000,
        "genre": "Drama",
        "description": "Integer tincidunt ante vel ipsum. Praesent blandit lacinia erat. Vestibulum sed magna at nunc commodo placerat.\n\nPraesent blandit. Nam nulla. Integer pede justo, lacinia eget, tincidunt eget, tempus vel, pede.\n\nMorbi porttitor lorem id ligula. Suspendisse ornare consequat lectus. In est risus, auctor sed, tristique in, tempus sit amet, sem.",
        "author": "Danna Oosthout de Vree"
      },
      {
        "isbn": "196623719-7",
        "title": "Foreign Student",
        "availability": true,
        "year": 1990,
        "genre": "Drama",
        "description": "Duis bibendum. Morbi non quam nec dui luctus rutrum. Nulla tellus.\n\nIn sagittis dui vel nisl. Duis ac nibh. Fusce lacus purus, aliquet at, feugiat non, pretium quis, lectus.\n\nSuspendisse potenti. In eleifend quam a odio. In hac habitasse platea dictumst.",
        "author": "Ariela Kitchen"
      },
      {
        "isbn": "807060888-9",
        "title": "Sauna",
        "availability": false,
        "year": 1953,
        "genre": "Horror|Mystery",
        "description": "Aliquam quis turpis eget elit sodales scelerisque. Mauris sit amet eros. Suspendisse accumsan tortor quis turpis.\n\nSed ante. Vivamus tortor. Duis mattis egestas metus.\n\nAenean fermentum. Donec ut mauris eget massa tempor convallis. Nulla neque libero, convallis eget, eleifend luctus, ultricies eu, nibh.",
        "author": "Vilhelmina Henrych"
      },
      {
        "isbn": "474641111-5",
        "title": "Down and Derby",
        "availability": true,
        "year": 1950,
        "genre": "Children|Comedy",
        "description": "Sed ante. Vivamus tortor. Duis mattis egestas metus.\n\nAenean fermentum. Donec ut mauris eget massa tempor convallis. Nulla neque libero, convallis eget, eleifend luctus, ultricies eu, nibh.",
        "author": "Austin Paxman"
      },
      {
        "isbn": "953223197-8",
        "title": "Snowpiercer",
        "availability": false,
        "year": 1953,
        "genre": "Action|Drama|Sci-Fi",
        "description": "Praesent id massa id nisl venenatis lacinia. Aenean sit amet justo. Morbi ut odio.\n\nCras mi pede, malesuada in, imperdiet et, commodo vulputate, justo. In blandit ultrices enim. Lorem ipsum dolor sit amet, consectetuer adipiscing elit.",
        "author": "Peadar Woodyatt"
      }
    ]
  },
  {
    "id": "eeb6a720-ea0d-4f14-b653-d03cfc06cf04",
    "name": "Beahan-Welch",
    "address": {
      "street": "3519 Ilene Plaza",
      "city": "Decatur",
      "region": "Georgia",
      "country": "United States"
    },
    "specialty": "Adventure|Comedy",
    "catalog": [
      {
        "isbn": "055476243-9",
        "title": "Priest",
        "availability": false,
        "year": 1982,
        "genre": "Drama",
        "description": "Proin eu mi. Nulla ac enim. In tempor, turpis nec euismod scelerisque, quam turpis adipiscing lorem, vitae mattis nibh ligula nec sem.\n\nDuis aliquam convallis nunc. Proin at turpis a pede posuere nonummy. Integer non velit.",
        "author": "Joey Gant"
      },
      {
        "isbn": "361989335-7",
        "title": "Why Are the Bells Ringing, Mitica? (a.k.a. Carnival Scenes) (De ce trag clopotele, Mitica?)",
        "availability": true,
        "year": 2015,
        "genre": "Comedy",
        "description": "Maecenas leo odio, condimentum id, luctus nec, molestie sed, justo. Pellentesque viverra pede ac diam. Cras pellentesque volutpat dui.\n\nMaecenas tristique, est et tempus semper, est quam pharetra magna, ac consequat metus sapien ut nunc. Vestibulum ante ipsum primis in faucibus orci luctus et ultrices posuere cubilia Curae; Mauris viverra diam vitae quam. Suspendisse potenti.",
        "author": "Windham Tunnah"
      },
      {
        "isbn": "880058449-7",
        "title": "C.H.U.D.",
        "availability": true,
        "year": 1990,
        "genre": "Horror",
        "description": "Sed sagittis. Nam congue, risus semper porta volutpat, quam pede lobortis ligula, sit amet eleifend pede libero quis orci. Nullam molestie nibh in lectus.\n\nPellentesque at nulla. Suspendisse potenti. Cras in purus eu magna vulputate luctus.",
        "author": "Ximenes Cargen"
      },
      {
        "isbn": "193253604-3",
        "title": "Ruby",
        "availability": true,
        "year": 1963,
        "genre": "Crime|Drama",
        "description": "Praesent blandit. Nam nulla. Integer pede justo, lacinia eget, tincidunt eget, tempus vel, pede.\n\nMorbi porttitor lorem id ligula. Suspendisse ornare consequat lectus. In est risus, auctor sed, tristique in, tempus sit amet, sem.\n\nFusce consequat. Nulla nisl. Nunc nisl.",
        "author": "Porty Widdows"
      },
      {
        "isbn": "122283061-2",
        "title": "Man Who Haunted Himself, The",
        "availability": true,
        "year": 1961,
        "genre": "Drama|Fantasy|Horror|Mystery|Thriller",
        "description": "Duis aliquam convallis nunc. Proin at turpis a pede posuere nonummy. Integer non velit.",
        "author": "Gran Boodell"
      }
    ]
  },
  {
    "id": "c05d468a-7d24-4221-a687-136f9576ee2a",
    "name": "Konopelski Group",
    "address": {
      "street": "8 Springview Plaza",
      "city": "New Orleans",
      "region": "Louisiana",
      "country": "United States"
    },
    "specialty": "Drama|Film-Noir",
    "catalog": [
      {
        "isbn": "468216043-5",
        "title": "Mark Shoots First",
        "availability": false,
        "year": 1953,
        "genre": "(no genres listed)",
        "description": "Vestibulum quam sapien, varius ut, blandit non, interdum in, ante. Vestibulum ante ipsum primis in faucibus orci luctus et ultrices posuere cubilia Curae; Duis faucibus accumsan odio. Curabitur convallis.",
        "author": "Jordanna McCluin"
      },
      {
        "isbn": "899185912-7",
        "title": "Girls Can't Swim (Filles ne savent pas nager, Les)",
        "availability": true,
        "year": 1993,
        "genre": "Drama",
        "description": "Vestibulum ac est lacinia nisi venenatis tristique. Fusce congue, diam id ornare imperdiet, sapien urna pretium nisl, ut volutpat sapien arcu sed augue. Aliquam erat volutpat.",
        "author": "Melisent Heeran"
      },
      {
        "isbn": "576409862-9",
        "title": "Confess",
        "availability": true,
        "year": 1952,
        "genre": "Drama|Thriller",
        "description": "In hac habitasse platea dictumst. Etiam faucibus cursus urna. Ut tellus.\n\nNulla ut erat id mauris vulputate elementum. Nullam varius. Nulla facilisi.",
        "author": "Kevan Hartnup"
      },
      {
        "isbn": "848787384-7",
        "title": "Lost Horizon",
        "availability": false,
        "year": 2018,
        "genre": "Drama",
        "description": "Nulla ut erat id mauris vulputate elementum. Nullam varius. Nulla facilisi.\n\nCras non velit nec nisi vulputate nonummy. Maecenas tincidunt lacus at velit. Vivamus vel nulla eget eros elementum pellentesque.",
        "author": "Maurice Sapsed"
      },
      {
        "isbn": "809743996-4",
        "title": "Crime and Punishment in Suburbia",
        "availability": true,
        "year": 2003,
        "genre": "Comedy|Drama",
        "description": "Donec diam neque, vestibulum eget, vulputate ut, ultrices vel, augue. Vestibulum ante ipsum primis in faucibus orci luctus et ultrices posuere cubilia Curae; Donec pharetra, magna vestibulum aliquet ultrices, erat tortor sollicitudin mi, sit amet lobortis sapien sapien non mi. Integer ac neque.\n\nDuis bibendum. Morbi non quam nec dui luctus rutrum. Nulla tellus.\n\nIn sagittis dui vel nisl. Duis ac nibh. Fusce lacus purus, aliquet at, feugiat non, pretium quis, lectus.",
        "author": "Tad Glavias"
      }
    ]
  },
  {
    "id": "7e993926-0c92-43d2-b216-682b98e3cb7f",
    "name": "Smitham LLC",
    "address": {
      "street": "31184 Reindahl Court",
      "city": "Garden Grove",
      "region": "California",
      "country": "United States"
    },
    "specialty": "Drama|Romance|War",
    "catalog": [
      {
        "isbn": "455750706-9",
        "title": "Julia and Julia (Giulia e Giulia)",
        "availability": false,
        "year": 1971,
        "genre": "Drama|Mystery|Thriller",
        "description": "In hac habitasse platea dictumst. Morbi vestibulum, velit id pretium iaculis, diam erat fermentum justo, nec condimentum neque sapien placerat ante. Nulla justo.\n\nAliquam quis turpis eget elit sodales scelerisque. Mauris sit amet eros. Suspendisse accumsan tortor quis turpis.",
        "author": "Tillie Giacubo"
      },
      {
        "isbn": "303474812-4",
        "title": "California Conquest",
        "availability": true,
        "year": 2019,
        "genre": "Adventure|Romance|Western",
        "description": "Praesent id massa id nisl venenatis lacinia. Aenean sit amet justo. Morbi ut odio.\n\nCras mi pede, malesuada in, imperdiet et, commodo vulputate, justo. In blandit ultrices enim. Lorem ipsum dolor sit amet, consectetuer adipiscing elit.",
        "author": "Bili Halesworth"
      },
      {
        "isbn": "491384438-5",
        "title": "It's Always Fair Weather",
        "availability": true,
        "year": 1995,
        "genre": "Comedy|Drama|Musical",
        "description": "Proin interdum mauris non ligula pellentesque ultrices. Phasellus id sapien in sapien iaculis congue. Vivamus metus arcu, adipiscing molestie, hendrerit at, vulputate vitae, nisl.",
        "author": "Christoffer Rosenfield"
      },
      {
        "isbn": "018344189-3",
        "title": "Moment to Remember, A (Nae meorisokui jiwoogae)",
        "availability": true,
        "year": 1984,
        "genre": "Drama|Romance",
        "description": "Cum sociis natoque penatibus et magnis dis parturient montes, nascetur ridiculus mus. Vivamus vestibulum sagittis sapien. Cum sociis natoque penatibus et magnis dis parturient montes, nascetur ridiculus mus.\n\nEtiam vel augue. Vestibulum rutrum rutrum neque. Aenean auctor gravida sem.\n\nPraesent id massa id nisl venenatis lacinia. Aenean sit amet justo. Morbi ut odio.",
        "author": "Blondelle Lowdes"
      },
      {
        "isbn": "913194025-0",
        "title": "Outrageous Class (Hababam sinifi)",
        "availability": true,
        "year": 1963,
        "genre": "Comedy|Drama",
        "description": "Integer ac leo. Pellentesque ultrices mattis odio. Donec vitae nisi.\n\nNam ultrices, libero non mattis pulvinar, nulla pede ullamcorper augue, a suscipit nulla elit ac nulla. Sed vel enim sit amet nunc viverra dapibus. Nulla suscipit ligula in lacus.\n\nCurabitur at ipsum ac tellus semper interdum. Mauris ullamcorper purus sit amet nulla. Quisque arcu libero, rutrum ac, lobortis vel, dapibus at, diam.",
        "author": "Napoleon Jersch"
      }
    ]
  },
  {
    "id": "3a3a905c-bc94-426f-9ccb-d193351e2f31",
    "name": "White, Gerhold and Green",
    "address": {
      "street": "1247 Scofield Junction",
      "city": "Sherwood Park",
      "region": "Alberta",
      "country": "Canada"
    },
    "specialty": "Drama",
    "catalog": [
      {
        "isbn": "473794964-7",
        "title": "Miss Kicki",
        "availability": true,
        "year": 1985,
        "genre": "Drama",
        "description": "Praesent id massa id nisl venenatis lacinia. Aenean sit amet justo. Morbi ut odio.\n\nCras mi pede, malesuada in, imperdiet et, commodo vulputate, justo. In blandit ultrices enim. Lorem ipsum dolor sit amet, consectetuer adipiscing elit.",
        "author": "Cosette Casarini"
      },
      {
        "isbn": "940309777-9",
        "title": "Dancing at Lughnasa",
        "availability": true,
        "year": 2002,
        "genre": "Drama",
        "description": "Duis bibendum, felis sed interdum venenatis, turpis enim blandit mi, in porttitor pede justo eu massa. Donec dapibus. Duis at velit eu est congue elementum.\n\nIn hac habitasse platea dictumst. Morbi vestibulum, velit id pretium iaculis, diam erat fermentum justo, nec condimentum neque sapien placerat ante. Nulla justo.\n\nAliquam quis turpis eget elit sodales scelerisque. Mauris sit amet eros. Suspendisse accumsan tortor quis turpis.",
        "author": "Loretta Sego"
      },
      {
        "isbn": "664064847-4",
        "title": "Hedda Gabler",
        "availability": false,
        "year": 2011,
        "genre": "Drama",
        "description": "Phasellus in felis. Donec semper sapien a libero. Nam dui.\n\nProin leo odio, porttitor id, consequat in, consequat ut, nulla. Sed accumsan felis. Ut at dolor quis odio consequat varius.\n\nInteger ac leo. Pellentesque ultrices mattis odio. Donec vitae nisi.",
        "author": "Reg Parnby"
      },
      {
        "isbn": "778374062-6",
        "title": "Shoot the Piano Player (Tirez sur le pianiste)",
        "availability": false,
        "year": 2007,
        "genre": "Crime|Drama|Romance|Thriller",
        "description": "Duis aliquam convallis nunc. Proin at turpis a pede posuere nonummy. Integer non velit.",
        "author": "Chlo Drake"
      },
      {
        "isbn": "051070181-7",
        "title": "Paradise: Hope (Paradies: Hoffnung)",
        "availability": false,
        "year": 2008,
        "genre": "Drama",
        "description": "Aenean lectus. Pellentesque eget nunc. Donec quis orci eget orci vehicula condimentum.",
        "author": "Trstram Kenney"
      }
    ]
  },
  {
    "id": "c24e247c-1d89-4899-a3e7-0e832bf4aa0d",
    "name": "Leannon-Gusikowski",
    "address": {
      "street": "671 Gateway Park",
      "city": "Cedar Rapids",
      "region": "Iowa",
      "country": "United States"
    },
    "specialty": "Action|Crime|Mystery|Thriller",
    "catalog": [
      {
        "isbn": "166603451-7",
        "title": "Any Wednesday (Bachelor Girl Apartment)",
        "availability": false,
        "year": 1989,
        "genre": "Comedy",
        "description": "Mauris enim leo, rhoncus sed, vestibulum sit amet, cursus id, turpis. Integer aliquet, massa id lobortis convallis, tortor risus dapibus augue, vel accumsan tellus nisi eu orci. Mauris lacinia sapien quis libero.\n\nNullam sit amet turpis elementum ligula vehicula consequat. Morbi a ipsum. Integer a nibh.",
        "author": "Fredia Rendell"
      },
      {
        "isbn": "668657426-0",
        "title": "Son of the Mask",
        "availability": true,
        "year": 1974,
        "genre": "Adventure|Children|Comedy|Fantasy",
        "description": "Aenean fermentum. Donec ut mauris eget massa tempor convallis. Nulla neque libero, convallis eget, eleifend luctus, ultricies eu, nibh.\n\nQuisque id justo sit amet sapien dignissim vestibulum. Vestibulum ante ipsum primis in faucibus orci luctus et ultrices posuere cubilia Curae; Nulla dapibus dolor vel est. Donec odio justo, sollicitudin ut, suscipit a, feugiat et, eros.",
        "author": "Cole Geikie"
      },
      {
        "isbn": "646114519-2",
        "title": "Juno",
        "availability": false,
        "year": 1968,
        "genre": "Comedy|Drama|Romance",
        "description": "Cras mi pede, malesuada in, imperdiet et, commodo vulputate, justo. In blandit ultrices enim. Lorem ipsum dolor sit amet, consectetuer adipiscing elit.\n\nProin interdum mauris non ligula pellentesque ultrices. Phasellus id sapien in sapien iaculis congue. Vivamus metus arcu, adipiscing molestie, hendrerit at, vulputate vitae, nisl.",
        "author": "Ag Bumford"
      },
      {
        "isbn": "192713906-6",
        "title": "Gitarrmongot",
        "availability": false,
        "year": 2016,
        "genre": "Drama",
        "description": "Morbi porttitor lorem id ligula. Suspendisse ornare consequat lectus. In est risus, auctor sed, tristique in, tempus sit amet, sem.\n\nFusce consequat. Nulla nisl. Nunc nisl.",
        "author": "Demetra Geraudy"
      },
      {
        "isbn": "513532357-0",
        "title": "Angel Face",
        "availability": true,
        "year": 1967,
        "genre": "Crime|Drama|Film-Noir",
        "description": "In hac habitasse platea dictumst. Etiam faucibus cursus urna. Ut tellus.",
        "author": "Ludwig Scantleberry"
      }
    ]
  },
  {
    "id": "28c27098-3f0d-4666-a7dd-c52e42ee634a",
    "name": "Nolan and Sons",
    "address": {
      "street": "46833 Bowman Pass",
      "city": "Aylmer",
      "region": "Ontario",
      "country": "Canada"
    },
    "specialty": "Drama",
    "catalog": [
      {
        "isbn": "816408881-1",
        "title": "Client 9: The Rise and Fall of Eliot Spitzer",
        "availability": false,
        "year": 1980,
        "genre": "Documentary",
        "description": "Aliquam quis turpis eget elit sodales scelerisque. Mauris sit amet eros. Suspendisse accumsan tortor quis turpis.\n\nSed ante. Vivamus tortor. Duis mattis egestas metus.",
        "author": "Karisa Scroggs"
      },
      {
        "isbn": "318284921-2",
        "title": "Straight Shooting",
        "availability": false,
        "year": 1986,
        "genre": "Western",
        "description": "Phasellus sit amet erat. Nulla tempus. Vivamus in felis eu sapien cursus vestibulum.\n\nProin eu mi. Nulla ac enim. In tempor, turpis nec euismod scelerisque, quam turpis adipiscing lorem, vitae mattis nibh ligula nec sem.\n\nDuis aliquam convallis nunc. Proin at turpis a pede posuere nonummy. Integer non velit.",
        "author": "Ursa Goering"
      },
      {
        "isbn": "023671840-1",
        "title": "Grandmother",
        "availability": false,
        "year": 2002,
        "genre": "Drama",
        "description": "Aenean fermentum. Donec ut mauris eget massa tempor convallis. Nulla neque libero, convallis eget, eleifend luctus, ultricies eu, nibh.\n\nQuisque id justo sit amet sapien dignissim vestibulum. Vestibulum ante ipsum primis in faucibus orci luctus et ultrices posuere cubilia Curae; Nulla dapibus dolor vel est. Donec odio justo, sollicitudin ut, suscipit a, feugiat et, eros.",
        "author": "Frants Calverd"
      },
      {
        "isbn": "978137413-6",
        "title": "Extraordinary Adventures of Adèle Blanc-Sec, The",
        "availability": false,
        "year": 1995,
        "genre": "Action|Adventure|Fantasy|Mystery",
        "description": "Proin leo odio, porttitor id, consequat in, consequat ut, nulla. Sed accumsan felis. Ut at dolor quis odio consequat varius.\n\nInteger ac leo. Pellentesque ultrices mattis odio. Donec vitae nisi.\n\nNam ultrices, libero non mattis pulvinar, nulla pede ullamcorper augue, a suscipit nulla elit ac nulla. Sed vel enim sit amet nunc viverra dapibus. Nulla suscipit ligula in lacus.",
        "author": "Ferdinande Jacquemot"
      },
      {
        "isbn": "272174557-3",
        "title": "Cabin in the Woods, The",
        "availability": true,
        "year": 1987,
        "genre": "Comedy|Horror|Sci-Fi|Thriller",
        "description": "Cras mi pede, malesuada in, imperdiet et, commodo vulputate, justo. In blandit ultrices enim. Lorem ipsum dolor sit amet, consectetuer adipiscing elit.",
        "author": "Spence Brockett"
      }
    ]
  },
  {
    "id": "2f8eb9b8-7bc2-4a38-9afe-f7cf99dff3dd",
    "name": "Hansen-Barrows",
    "address": {
      "street": "205 Arapahoe Crossing",
      "city": "Timmins",
      "region": "Ontario",
      "country": "Canada"
    },
    "specialty": "Drama",
    "catalog": [
      {
        "isbn": "115544267-9",
        "title": "Circumstance",
        "availability": false,
        "year": 1964,
        "genre": "Drama",
        "description": "Praesent id massa id nisl venenatis lacinia. Aenean sit amet justo. Morbi ut odio.",
        "author": "Gerianne Kyberd"
      },
      {
        "isbn": "611203357-7",
        "title": "Tiny Furniture",
        "availability": true,
        "year": 2002,
        "genre": "Comedy",
        "description": "Morbi non lectus. Aliquam sit amet diam in magna bibendum imperdiet. Nullam orci pede, venenatis non, sodales sed, tincidunt eu, felis.\n\nFusce posuere felis sed lacus. Morbi sem mauris, laoreet ut, rhoncus aliquet, pulvinar sed, nisl. Nunc rhoncus dui vel sem.",
        "author": "Florence Sammons"
      },
      {
        "isbn": "183790772-2",
        "title": "Nines, The",
        "availability": true,
        "year": 1976,
        "genre": "Drama|Mystery",
        "description": "Cras non velit nec nisi vulputate nonummy. Maecenas tincidunt lacus at velit. Vivamus vel nulla eget eros elementum pellentesque.",
        "author": "Karin Beckenham"
      },
      {
        "isbn": "171926917-3",
        "title": "Art of the Steal, The",
        "availability": true,
        "year": 2015,
        "genre": "Crime",
        "description": "Aliquam quis turpis eget elit sodales scelerisque. Mauris sit amet eros. Suspendisse accumsan tortor quis turpis.\n\nSed ante. Vivamus tortor. Duis mattis egestas metus.",
        "author": "Gratiana Williment"
      },
      {
        "isbn": "948131035-3",
        "title": "Rum Diary, The",
        "availability": false,
        "year": 1963,
        "genre": "Comedy|Drama|Thriller",
        "description": "Mauris enim leo, rhoncus sed, vestibulum sit amet, cursus id, turpis. Integer aliquet, massa id lobortis convallis, tortor risus dapibus augue, vel accumsan tellus nisi eu orci. Mauris lacinia sapien quis libero.\n\nNullam sit amet turpis elementum ligula vehicula consequat. Morbi a ipsum. Integer a nibh.",
        "author": "Meridel O'Tierney"
      }
    ]
  },
  {
    "id": "09f76e77-a2b2-4a4f-ba6e-ceb4159e9643",
    "name": "Reichert-Parisian",
    "address": {
      "street": "06 Thompson Point",
      "city": "Columbus",
      "region": "Ohio",
      "country": "United States"
    },
    "specialty": "Comedy|Drama|Fantasy|Romance",
    "catalog": [
      {
        "isbn": "185599866-1",
        "title": "Step Brothers",
        "availability": false,
        "year": 1959,
        "genre": "Comedy",
        "description": "Vestibulum ac est lacinia nisi venenatis tristique. Fusce congue, diam id ornare imperdiet, sapien urna pretium nisl, ut volutpat sapien arcu sed augue. Aliquam erat volutpat.",
        "author": "Antoinette Margrem"
      },
      {
        "isbn": "569096953-2",
        "title": "Mr. Moto's Gamble",
        "availability": true,
        "year": 2007,
        "genre": "Crime|Drama|Mystery",
        "description": "Duis aliquam convallis nunc. Proin at turpis a pede posuere nonummy. Integer non velit.\n\nDonec diam neque, vestibulum eget, vulputate ut, ultrices vel, augue. Vestibulum ante ipsum primis in faucibus orci luctus et ultrices posuere cubilia Curae; Donec pharetra, magna vestibulum aliquet ultrices, erat tortor sollicitudin mi, sit amet lobortis sapien sapien non mi. Integer ac neque.\n\nDuis bibendum. Morbi non quam nec dui luctus rutrum. Nulla tellus.",
        "author": "Merla Mordan"
      },
      {
        "isbn": "260670750-8",
        "title": "Plough and the Stars, The",
        "availability": true,
        "year": 1953,
        "genre": "Drama",
        "description": "Phasellus in felis. Donec semper sapien a libero. Nam dui.\n\nProin leo odio, porttitor id, consequat in, consequat ut, nulla. Sed accumsan felis. Ut at dolor quis odio consequat varius.",
        "author": "Glenn Rogeon"
      },
      {
        "isbn": "397011177-3",
        "title": "Magic of Méliès, The (magie Méliès, La)",
        "availability": false,
        "year": 1993,
        "genre": "Documentary",
        "description": "Praesent blandit. Nam nulla. Integer pede justo, lacinia eget, tincidunt eget, tempus vel, pede.\n\nMorbi porttitor lorem id ligula. Suspendisse ornare consequat lectus. In est risus, auctor sed, tristique in, tempus sit amet, sem.\n\nFusce consequat. Nulla nisl. Nunc nisl.",
        "author": "Mervin Jeste"
      },
      {
        "isbn": "855895091-1",
        "title": "She's Out of My League",
        "availability": false,
        "year": 1979,
        "genre": "Comedy",
        "description": "Morbi porttitor lorem id ligula. Suspendisse ornare consequat lectus. In est risus, auctor sed, tristique in, tempus sit amet, sem.\n\nFusce consequat. Nulla nisl. Nunc nisl.",
        "author": "Yorke McEntee"
      }
    ]
  },
  {
    "id": "4f456004-5a4a-4016-bfd3-7c0c8ed5f904",
    "name": "Friesen Group",
    "address": {
      "street": "50788 Oakridge Terrace",
      "city": "Atlanta",
      "region": "Georgia",
      "country": "United States"
    },
    "specialty": "Drama",
    "catalog": [
      {
        "isbn": "413616008-9",
        "title": "Taking of Pelham One Two Three, The",
        "availability": true,
        "year": 2018,
        "genre": "Action|Crime",
        "description": "Cras non velit nec nisi vulputate nonummy. Maecenas tincidunt lacus at velit. Vivamus vel nulla eget eros elementum pellentesque.\n\nQuisque porta volutpat erat. Quisque erat eros, viverra eget, congue eget, semper rutrum, nulla. Nunc purus.\n\nPhasellus in felis. Donec semper sapien a libero. Nam dui.",
        "author": "Evangelin Bilofsky"
      },
      {
        "isbn": "032895013-0",
        "title": "Goodbye, 20th Century",
        "availability": true,
        "year": 2009,
        "genre": "Drama|Sci-Fi",
        "description": "Lorem ipsum dolor sit amet, consectetuer adipiscing elit. Proin risus. Praesent lectus.\n\nVestibulum quam sapien, varius ut, blandit non, interdum in, ante. Vestibulum ante ipsum primis in faucibus orci luctus et ultrices posuere cubilia Curae; Duis faucibus accumsan odio. Curabitur convallis.",
        "author": "Janaye Dunnett"
      },
      {
        "isbn": "606667875-2",
        "title": "Trance",
        "availability": true,
        "year": 2019,
        "genre": "Horror",
        "description": "Aenean lectus. Pellentesque eget nunc. Donec quis orci eget orci vehicula condimentum.\n\nCurabitur in libero ut massa volutpat convallis. Morbi odio odio, elementum eu, interdum eu, tincidunt in, leo. Maecenas pulvinar lobortis est.",
        "author": "Dimitri Reekie"
      },
      {
        "isbn": "163565439-4",
        "title": "Clairvoyant, The",
        "availability": false,
        "year": 1966,
        "genre": "Drama|Thriller",
        "description": "In sagittis dui vel nisl. Duis ac nibh. Fusce lacus purus, aliquet at, feugiat non, pretium quis, lectus.\n\nSuspendisse potenti. In eleifend quam a odio. In hac habitasse platea dictumst.\n\nMaecenas ut massa quis augue luctus tincidunt. Nulla mollis molestie lorem. Quisque ut erat.",
        "author": "Sabrina Gane"
      },
      {
        "isbn": "948420606-9",
        "title": "Three Comrades",
        "availability": false,
        "year": 1996,
        "genre": "Drama",
        "description": "Integer ac leo. Pellentesque ultrices mattis odio. Donec vitae nisi.\n\nNam ultrices, libero non mattis pulvinar, nulla pede ullamcorper augue, a suscipit nulla elit ac nulla. Sed vel enim sit amet nunc viverra dapibus. Nulla suscipit ligula in lacus.\n\nCurabitur at ipsum ac tellus semper interdum. Mauris ullamcorper purus sit amet nulla. Quisque arcu libero, rutrum ac, lobortis vel, dapibus at, diam.",
        "author": "Adrea Diemer"
      }
    ]
  },
  {
    "id": "6b96cde3-f863-43e1-a3dd-4a28cebe8221",
    "name": "Ziemann, Hand and Deckow",
    "address": {
      "street": "8 Pawling Court",
      "city": "Québec",
      "region": "Québec",
      "country": "Canada"
    },
    "specialty": "Crime|Drama|Thriller",
    "catalog": [
      {
        "isbn": "599921794-6",
        "title": "Dark Circles ",
        "availability": false,
        "year": 1966,
        "genre": "Horror",
        "description": "Suspendisse potenti. In eleifend quam a odio. In hac habitasse platea dictumst.",
        "author": "Donalt Scranney"
      },
      {
        "isbn": "508386769-9",
        "title": "K-19: The Widowmaker",
        "availability": true,
        "year": 1998,
        "genre": "Action|Adventure|Drama|Thriller",
        "description": "Curabitur in libero ut massa volutpat convallis. Morbi odio odio, elementum eu, interdum eu, tincidunt in, leo. Maecenas pulvinar lobortis est.\n\nPhasellus sit amet erat. Nulla tempus. Vivamus in felis eu sapien cursus vestibulum.",
        "author": "Forrest Sans"
      },
      {
        "isbn": "560965038-0",
        "title": "Stalag Luft",
        "availability": false,
        "year": 1976,
        "genre": "Comedy|Drama|War",
        "description": "Curabitur in libero ut massa volutpat convallis. Morbi odio odio, elementum eu, interdum eu, tincidunt in, leo. Maecenas pulvinar lobortis est.\n\nPhasellus sit amet erat. Nulla tempus. Vivamus in felis eu sapien cursus vestibulum.",
        "author": "Horacio Artharg"
      },
      {
        "isbn": "152334636-1",
        "title": "Zen",
        "availability": false,
        "year": 1992,
        "genre": "Drama",
        "description": "Aenean lectus. Pellentesque eget nunc. Donec quis orci eget orci vehicula condimentum.\n\nCurabitur in libero ut massa volutpat convallis. Morbi odio odio, elementum eu, interdum eu, tincidunt in, leo. Maecenas pulvinar lobortis est.\n\nPhasellus sit amet erat. Nulla tempus. Vivamus in felis eu sapien cursus vestibulum.",
        "author": "Paquito Wasiel"
      },
      {
        "isbn": "312867639-9",
        "title": "I Love Sarah Jane",
        "availability": true,
        "year": 1989,
        "genre": "Horror|Romance",
        "description": "Proin interdum mauris non ligula pellentesque ultrices. Phasellus id sapien in sapien iaculis congue. Vivamus metus arcu, adipiscing molestie, hendrerit at, vulputate vitae, nisl.\n\nAenean lectus. Pellentesque eget nunc. Donec quis orci eget orci vehicula condimentum.",
        "author": "Shaw Gorghetto"
      }
    ]
  }
]
