[
  {
    "name": "Photobug",
    "stockSymbol": "BHACU",
    "domain": "usa.gov",
    "apps": [
      {
        "id": "60576ab0-32e0-4e79-b10b-672d54ae34af",
        "name": "Konklux",
        "currentVersion": "7.1",
        "url": "https://abc.net.au/leo/maecenas/pulvinar/lobortis.js"
      },
      {
        "id": "467f9209-b2c9-423f-870c-b1fb886cc82a",
        "name": "Bitchip",
        "currentVersion": "0.58",
        "url": "http://microsoft.com/libero/nullam/sit/amet.js"
      }
    ],
    "employees": [
      {
        "id": "cb2f2d80-f520-4fa1-95a7-fcb662bcff66",
        "firstName": "Margarete",
        "lastName": "Mathey",
        "email": "mmathey1y@google.com",
        "userName": "mmathey1y",
        "occupation": "Help Desk Operator",
        "department": "Research and Development",
        "device": { "ip": "74.185.189.194", "mac": "21-83-56-EB-0E-02" }
      },
      {
        "id": "2ca41121-3475-4255-ae6b-b70501b49fb3",
        "firstName": "Leora",
        "lastName": "Hundell",
        "email": "lhundell1z@360.cn",
        "userName": "lhundell1z",
        "occupation": "Pharmacist",
        "department": "Engineering",
        "device": { "ip": "40.151.153.140", "mac": "81-CA-ED-79-65-29" }
      },
      {
        "id": "ac6abbe8-bda5-484a-8f44-d652c1629293",
        "firstName": "Othilie",
        "lastName": "Tutchell",
        "email": "otutchell20@opensource.org",
        "userName": "otutchell20",
        "occupation": "Environmental Specialist",
        "department": "Marketing",
        "device": { "ip": "130.23.244.213", "mac": "5C-2D-3C-96-40-63" }
      },
      {
        "id": "8385421f-5099-4b79-bb26-b9578899b240",
        "firstName": "Melvyn",
        "lastName": "Skpsey",
        "email": "mskpsey21@adobe.com",
        "userName": "mskpsey21",
        "occupation": "Statistician I",
        "department": "Services",
        "device": { "ip": "92.158.201.238", "mac": "F5-8E-83-B7-F2-13" }
      },
      {
        "id": "db6878f6-5975-420b-883b-0a66b56f43b5",
        "firstName": "Alayne",
        "lastName": "Wrathall",
        "email": "awrathall22@whitehouse.gov",
        "userName": "awrathall22",
        "occupation": "Teacher",
        "department": "Support",
        "device": { "ip": "222.105.189.50", "mac": "8B-15-5D-6C-71-85" }
      }
    ]
  },
  {
    "name": "Yata",
    "stockSymbol": "APOG",
    "domain": "disqus.com",
    "apps": [
      {
        "id": "e2dbfb5a-8e98-4074-a2d0-4007ea49e96c",
        "name": "Viva",
        "currentVersion": "0.1.5",
        "url": "https://boston.com/enim/blandit/mi/in/porttitor/pede.html"
      },
      {
        "id": "80ee77f1-9567-4235-9b60-8f9c50fbfd18",
        "name": "Subin",
        "currentVersion": "8.2",
        "url": "https://purevolume.com/in/sapien/iaculis.aspx"
      }
    ],
    "employees": [
      {
        "id": "befd4197-928e-48e4-8c8d-96b21b6e118c",
        "firstName": "Annecorinne",
        "lastName": "Coupe",
        "email": "acoupe1t@smh.com.au",
        "userName": "acoupe1t",
        "occupation": "Systems Administrator I",
        "department": "Legal",
        "device": { "ip": "231.83.52.248", "mac": "83-4A-AA-4E-5C-C1" }
      },
      {
        "id": "ec86a682-f1aa-45fb-8fcd-e853ca86529a",
        "firstName": "Lea",
        "lastName": "Laity",
        "email": "llaity1u@flickr.com",
        "userName": "llaity1u",
        "occupation": "Web Developer III",
        "department": "Sales",
        "device": { "ip": "42.175.207.173", "mac": "CA-09-00-18-1F-B8" }
      },
      {
        "id": "2ed47fe0-e659-4034-8d21-c952eca197a4",
        "firstName": "Teddi",
        "lastName": "Isard",
        "email": "tisard1v@theglobeandmail.com",
        "userName": "tisard1v",
        "occupation": "Senior Quality Engineer",
        "department": "Marketing",
        "device": { "ip": "98.238.172.211", "mac": "F6-45-55-DF-C9-20" }
      },
      {
        "id": "1069a855-6d54-491d-a44e-c8a11d279c09",
        "firstName": "Amber",
        "lastName": "Lenney",
        "email": "alenney1w@telegraph.co.uk",
        "userName": "alenney1w",
        "occupation": "Research Nurse",
        "department": "Business Development",
        "device": { "ip": "111.191.39.214", "mac": "52-7E-3A-2F-C5-83" }
      },
      {
        "id": "0a965db1-0c2d-438a-8883-c3ef79730dbd",
        "firstName": "Izzy",
        "lastName": "Burgill",
        "email": "iburgill1x@mayoclinic.com",
        "userName": "iburgill1x",
        "occupation": "Office Assistant III",
        "department": "Engineering",
        "device": { "ip": "95.36.249.144", "mac": "CF-66-91-73-E5-43" }
      }
    ]
  },
  {
    "name": "Oyope",
    "stockSymbol": "EXAS",
    "domain": "sciencedirect.com",
    "apps": [
      {
        "id": "cdfacdb6-cd6f-46cb-bdef-7997dd19322b",
        "name": "Andalax",
        "currentVersion": "5.1.8",
        "url": "https://scribd.com/integer/aliquet/massa/id/lobortis/convallis/tortor.aspx"
      },
      {
        "id": "1dfb900f-3ae7-4b57-b822-c5c69e8fd14c",
        "name": "Fintone",
        "currentVersion": "0.94",
        "url": "https://goo.gl/morbi/vestibulum.json"
      }
    ],
    "employees": [
      {
        "id": "cc7966de-0859-4a9a-bffc-d6895dab7777",
        "firstName": "Norah",
        "lastName": "Jenkison",
        "email": "njenkison1o@gov.uk",
        "userName": "njenkison1o",
        "occupation": "Civil Engineer",
        "department": "Training",
        "device": { "ip": "172.137.147.153", "mac": "DA-A4-00-A3-9E-C2" }
      },
      {
        "id": "4aa19ac3-19e8-4cba-93e9-d1be01604be7",
        "firstName": "Gottfried",
        "lastName": "Eykel",
        "email": "geykel1p@symantec.com",
        "userName": "geykel1p",
        "occupation": "Editor",
        "department": "Engineering",
        "device": { "ip": "53.212.155.117", "mac": "2A-80-FA-7E-BF-50" }
      },
      {
        "id": "884d4665-142c-4c48-b0dc-18d716386f82",
        "firstName": "Emilie",
        "lastName": "Bartle",
        "email": "ebartle1q@oracle.com",
        "userName": "ebartle1q",
        "occupation": "Computer Systems Analyst I",
        "department": "Support",
        "device": { "ip": "46.237.248.113", "mac": "CB-A1-79-E0-4D-1A" }
      },
      {
        "id": "7b85b050-beb8-444a-8af3-49b0735a35ee",
        "firstName": "Maximo",
        "lastName": "Shillan",
        "email": "mshillan1r@imdb.com",
        "userName": "mshillan1r",
        "occupation": "Research Associate",
        "department": "Sales",
        "device": { "ip": "91.12.32.179", "mac": "C1-C9-1D-6F-B8-D2" }
      },
      {
        "id": "3991b0d8-c5e3-42bd-9b7e-545f562da9c7",
        "firstName": "Amelita",
        "lastName": "Swaddle",
        "email": "aswaddle1s@w3.org",
        "userName": "aswaddle1s",
        "occupation": "Senior Editor",
        "department": "Engineering",
        "device": { "ip": "91.219.145.150", "mac": "4C-CC-DE-0E-B2-63" }
      }
    ]
  },
  {
    "name": "Aimbu",
    "stockSymbol": "ECC",
    "domain": "wikimedia.org",
    "apps": [
      {
        "id": "4e3c1511-f80e-4ca4-b90c-d9c2346e4c09",
        "name": "Solarbreeze",
        "currentVersion": "9.65",
        "url": "http://nbcnews.com/ut/dolor/morbi/vel/lectus/in.jsp"
      },
      {
        "id": "402f074a-4ffe-4c30-bb39-284c78ad307b",
        "name": "Trippledex",
        "currentVersion": "8.4.1",
        "url": "https://hp.com/dapibus/duis/at/velit/eu/est/congue.xml"
      }
    ],
    "employees": [
      {
        "id": "f5c31524-4b5a-4125-a99b-0438f0c34f5e",
        "firstName": "Walther",
        "lastName": "Seville",
        "email": "wseville1j@wordpress.org",
        "userName": "wseville1j",
        "occupation": "Structural Analysis Engineer",
        "department": "Research and Development",
        "device": { "ip": "143.190.43.178", "mac": "C5-82-95-D8-AE-50" }
      },
      {
        "id": "b12e1afd-38cc-489e-b9c7-4ef3cc029445",
        "firstName": "Cyrus",
        "lastName": "Banbrick",
        "email": "cbanbrick1k@liveinternet.ru",
        "userName": "cbanbrick1k",
        "occupation": "Nurse",
        "department": "Support",
        "device": { "ip": "63.237.104.254", "mac": "37-3E-9F-99-99-28" }
      },
      {
        "id": "cf838f7f-3d36-4406-94bb-f87077335b84",
        "firstName": "Filippa",
        "lastName": "Ivanchov",
        "email": "fivanchov1l@craigslist.org",
        "userName": "fivanchov1l",
        "occupation": "Nuclear Power Engineer",
        "department": "Business Development",
        "device": { "ip": "211.196.140.88", "mac": "F0-90-6C-EF-81-9D" }
      },
      {
        "id": "0b8808dd-1c36-4d3a-a18f-dd3545182ff1",
        "firstName": "Renault",
        "lastName": "Barnwille",
        "email": "rbarnwille1m@about.me",
        "userName": "rbarnwille1m",
        "occupation": "Senior Quality Engineer",
        "department": "Support",
        "device": { "ip": "65.5.144.85", "mac": "7E-77-91-4A-9C-8F" }
      },
      {
        "id": "c1f2baba-c2b3-426a-bd03-756145c4340c",
        "firstName": "Pavlov",
        "lastName": "Doerling",
        "email": "pdoerling1n@networkadvertising.org",
        "userName": "pdoerling1n",
        "occupation": "Analog Circuit Design manager",
        "department": "Marketing",
        "device": { "ip": "27.67.88.127", "mac": "A4-8D-2C-24-4A-96" }
      }
    ]
  },
  {
    "name": "Thoughtworks",
    "stockSymbol": "BSQR",
    "domain": "bloomberg.com",
    "apps": [
      {
        "id": "8f7cd7d9-22b9-40f7-8084-21670497c278",
        "name": "Latlux",
        "currentVersion": "8.54",
        "url": "https://list-manage.com/phasellus.js"
      },
      {
        "id": "779c719a-82e2-4ecb-b4d1-71c434a6ada2",
        "name": "Gembucket",
        "currentVersion": "3.24",
        "url": "https://ftc.gov/congue/vivamus/metus.png"
      }
    ],
    "employees": [
      {
        "id": "4b8b2fef-c8d1-4923-8312-3590b48d14af",
        "firstName": "Donella",
        "lastName": "O'Dea",
        "email": "dodea1e@yelp.com",
        "userName": "dodea1e",
        "occupation": "Librarian",
        "department": "Product Management",
        "device": { "ip": "111.129.20.72", "mac": "9D-C4-30-D2-D6-EC" }
      },
      {
        "id": "6eff7b69-b99f-48d1-bfac-ccb02eb42603",
        "firstName": "Romonda",
        "lastName": "Randal",
        "email": "rrandal1f@earthlink.net",
        "userName": "rrandal1f",
        "occupation": "VP Product Management",
        "department": "Support",
        "device": { "ip": "64.141.150.48", "mac": "0D-BD-2B-3E-6A-BB" }
      },
      {
        "id": "e0d04b75-7758-4388-b5ec-1f3985082099",
        "firstName": "Alexi",
        "lastName": "Shillaber",
        "email": "ashillaber1g@ifeng.com",
        "userName": "ashillaber1g",
        "occupation": "Professor",
        "department": "Engineering",
        "device": { "ip": "175.79.230.240", "mac": "2A-7C-BC-95-DB-58" }
      },
      {
        "id": "1f7cc433-e001-4dfb-906a-6756c9fd1cd3",
        "firstName": "Pauletta",
        "lastName": "Niese",
        "email": "pniese1h@sfgate.com",
        "userName": "pniese1h",
        "occupation": "Chemical Engineer",
        "department": "Training",
        "device": { "ip": "107.167.67.60", "mac": "39-AC-51-FA-C7-1F" }
      },
      {
        "id": "efab8db6-0eeb-4652-8241-74d683b845f7",
        "firstName": "Thedric",
        "lastName": "Talks",
        "email": "ttalks1i@indiatimes.com",
        "userName": "ttalks1i",
        "occupation": "Compensation Analyst",
        "department": "Sales",
        "device": { "ip": "0.231.134.144", "mac": "63-D0-6F-2E-18-30" }
      }
    ]
  },
  {
    "name": "Twimm",
    "stockSymbol": "WTBA",
    "domain": "forbes.com",
    "apps": [
      {
        "id": "d2738bca-d4b9-407c-a08f-a6861ffff9f2",
        "name": "Biodex",
        "currentVersion": "0.43",
        "url": "http://zimbio.com/leo/maecenas/pulvinar.jpg"
      },
      {
        "id": "993d2932-1616-4ddd-bfad-74f25beb7ef6",
        "name": "Rank",
        "currentVersion": "0.8.8",
        "url": "http://constantcontact.com/nascetur.jpg"
      }
    ],
    "employees": [
      {
        "id": "c4db7a1b-c68a-4258-8ad0-ce21555823da",
        "firstName": "Powell",
        "lastName": "Bigg",
        "email": "pbigg19@pbs.org",
        "userName": "pbigg19",
        "occupation": "VP Sales",
        "department": "Training",
        "device": { "ip": "135.53.8.164", "mac": "4E-08-55-49-12-EF" }
      },
      {
        "id": "6c5e3012-558c-40e0-a806-e0b02416857b",
        "firstName": "Humberto",
        "lastName": "Giberd",
        "email": "hgiberd1a@list-manage.com",
        "userName": "hgiberd1a",
        "occupation": "Budget/Accounting Analyst II",
        "department": "Product Management",
        "device": { "ip": "42.18.30.213", "mac": "69-3E-20-52-34-B4" }
      },
      {
        "id": "4bf8a4b1-5805-4c0d-a66a-03ad62b66840",
        "firstName": "Augustine",
        "lastName": "Barclay",
        "email": "abarclay1b@hatena.ne.jp",
        "userName": "abarclay1b",
        "occupation": "Associate Professor",
        "department": "Sales",
        "device": { "ip": "233.113.134.29", "mac": "0F-D1-CC-C0-28-D8" }
      },
      {
        "id": "13d16511-60d6-40c5-b088-616e1bc41add",
        "firstName": "Clywd",
        "lastName": "Whitehead",
        "email": "cwhitehead1c@mac.com",
        "userName": "cwhitehead1c",
        "occupation": "Geologist IV",
        "department": "Sales",
        "device": { "ip": "118.246.255.99", "mac": "60-11-7B-68-E8-9D" }
      },
      {
        "id": "c6f0705e-05f3-4d55-a998-764702f3697f",
        "firstName": "Malvina",
        "lastName": "Maken",
        "email": "mmaken1d@tumblr.com",
        "userName": "mmaken1d",
        "occupation": "Chemical Engineer",
        "department": "Product Management",
        "device": { "ip": "67.107.173.169", "mac": "47-23-9F-97-09-D3" }
      }
    ]
  },
  {
    "name": "Tagpad",
    "stockSymbol": "CSRA",
    "domain": "telegraph.co.uk",
    "apps": [
      {
        "id": "b66dda16-df0d-4fbc-a46c-a6c46c618628",
        "name": "Konklux",
        "currentVersion": "0.9.2",
        "url": "http://linkedin.com/nulla.xml"
      },
      {
        "id": "87eefc7c-5a9c-4a14-a776-cbb1a59b9f87",
        "name": "Y-Solowarm",
        "currentVersion": "0.2.7",
        "url": "https://qq.com/metus/aenean/fermentum/donec/ut/mauris.html"
      }
    ],
    "employees": [
      {
        "id": "ddc0607c-ff47-4ac6-8010-9e73097f9443",
        "firstName": "Honoria",
        "lastName": "Ceschelli",
        "email": "hceschelli14@aol.com",
        "userName": "hceschelli14",
        "occupation": "Marketing Assistant",
        "department": "Support",
        "device": { "ip": "22.173.4.167", "mac": "F2-B6-66-10-D0-F4" }
      },
      {
        "id": "603162df-e55f-441e-a4ca-96624925e7f2",
        "firstName": "Kayne",
        "lastName": "Featherstonehaugh",
        "email": "kfeatherstonehaugh15@skype.com",
        "userName": "kfeatherstonehaugh15",
        "occupation": "Senior Financial Analyst",
        "department": "Support",
        "device": { "ip": "254.35.47.140", "mac": "69-A8-F7-DE-EC-05" }
      },
      {
        "id": "1e027e11-8676-4ca8-b80b-01689ab674bb",
        "firstName": "Mellie",
        "lastName": "Quinet",
        "email": "mquinet16@delicious.com",
        "userName": "mquinet16",
        "occupation": "Engineer II",
        "department": "Human Resources",
        "device": { "ip": "202.28.241.175", "mac": "86-D5-4A-24-2A-4A" }
      },
      {
        "id": "3f96a9cd-774e-402d-967b-f1589425efc7",
        "firstName": "Wade",
        "lastName": "Godilington",
        "email": "wgodilington17@jugem.jp",
        "userName": "wgodilington17",
        "occupation": "Executive Secretary",
        "department": "Accounting",
        "device": { "ip": "139.25.237.204", "mac": "C9-E9-B6-1A-36-00" }
      },
      {
        "id": "9077ab22-840c-4267-a20b-c2f36afd4542",
        "firstName": "Torin",
        "lastName": "Wynne",
        "email": "twynne18@forbes.com",
        "userName": "twynne18",
        "occupation": "Compensation Analyst",
        "department": "Legal",
        "device": { "ip": "98.43.236.218", "mac": "73-1C-46-70-8D-0D" }
      }
    ]
  },
  {
    "name": "Izio",
    "stockSymbol": "NIHD",
    "domain": "i2i.jp",
    "apps": [
      {
        "id": "427ffcf1-7f03-4322-aea0-0251b1bee118",
        "name": "Sonair",
        "currentVersion": "0.16",
        "url": "https://so-net.ne.jp/cubilia/curae/mauris.jpg"
      },
      {
        "id": "2367b3d0-228d-4673-ac8b-675bbb34f32e",
        "name": "Sub-Ex",
        "currentVersion": "7.1",
        "url": "http://upenn.edu/ante/ipsum.js"
      }
    ],
    "employees": [
      {
        "id": "b0be3842-4da7-44e3-9421-ae69d40ad082",
        "firstName": "Norrie",
        "lastName": "Bellham",
        "email": "nbellhamz@samsung.com",
        "userName": "nbellhamz",
        "occupation": "Actuary",
        "department": "Marketing",
        "device": { "ip": "55.87.51.9", "mac": "22-E7-29-9B-A0-93" }
      },
      {
        "id": "cc0ad73b-860a-4e19-bfa0-d20c42f3a981",
        "firstName": "Chaim",
        "lastName": "Torn",
        "email": "ctorn10@bravesites.com",
        "userName": "ctorn10",
        "occupation": "Assistant Professor",
        "department": "Services",
        "device": { "ip": "131.200.243.95", "mac": "0D-EB-35-3A-C6-C6" }
      },
      {
        "id": "f3b20338-f1ad-4a14-adae-586f299b2cba",
        "firstName": "Sylvia",
        "lastName": "Rumbellow",
        "email": "srumbellow11@uol.com.br",
        "userName": "srumbellow11",
        "occupation": "Business Systems Development Analyst",
        "department": "Accounting",
        "device": { "ip": "205.43.188.197", "mac": "AC-9A-18-F7-99-9A" }
      },
      {
        "id": "df58e169-3f39-4834-9ded-ae3ac620793b",
        "firstName": "Dacy",
        "lastName": "Stukings",
        "email": "dstukings12@over-blog.com",
        "userName": "dstukings12",
        "occupation": "Biostatistician II",
        "department": "Accounting",
        "device": { "ip": "12.226.198.95", "mac": "31-91-7C-16-C2-8E" }
      },
      {
        "id": "ac064bc8-c95a-4b71-9a91-267832243374",
        "firstName": "Aubrey",
        "lastName": "Whitaker",
        "email": "awhitaker13@phpbb.com",
        "userName": "awhitaker13",
        "occupation": "Assistant Media Planner",
        "department": "Legal",
        "device": { "ip": "165.156.153.217", "mac": "93-B7-9D-73-C7-89" }
      }
    ]
  },
  {
    "name": "Buzzshare",
    "stockSymbol": "MOV",
    "domain": "cargocollective.com",
    "apps": [
      {
        "id": "abb593dc-db1b-45bb-8181-cf3542cb8b47",
        "name": "Redhold",
        "currentVersion": "7.4",
        "url": "https://dion.ne.jp/montes/nascetur/ridiculus/mus.jsp"
      },
      {
        "id": "a0137668-40b9-4216-984a-93b21afed404",
        "name": "Hatity",
        "currentVersion": "9.36",
        "url": "https://marketwatch.com/ante/vivamus.jpg"
      }
    ],
    "employees": [
      {
        "id": "c25a911c-7622-4038-ba40-c47650c722d1",
        "firstName": "Richmound",
        "lastName": "Le Provost",
        "email": "rleprovostu@quantcast.com",
        "userName": "rleprovostu",
        "occupation": "Administrative Officer",
        "department": "Human Resources",
        "device": { "ip": "47.220.34.74", "mac": "21-FC-4A-F5-86-E4" }
      },
      {
        "id": "7ce881cf-e098-48a7-811f-2d8b7f37a2c1",
        "firstName": "Dorine",
        "lastName": "Malimoe",
        "email": "dmalimoev@amazonaws.com",
        "userName": "dmalimoev",
        "occupation": "Structural Analysis Engineer",
        "department": "Human Resources",
        "device": { "ip": "155.42.242.99", "mac": "89-D6-9A-5F-AB-7D" }
      },
      {
        "id": "20bbd7af-8013-4b67-b533-a69858e666a5",
        "firstName": "Burton",
        "lastName": "Espinos",
        "email": "bespinosw@a8.net",
        "userName": "bespinosw",
        "occupation": "Programmer I",
        "department": "Support",
        "device": { "ip": "104.233.185.88", "mac": "A7-2C-B3-E3-1E-29" }
      },
      {
        "id": "2913fb60-09e7-4371-9728-51b121ec5882",
        "firstName": "Raquel",
        "lastName": "Golden of Ireland",
        "email": "rgoldenofirelandx@behance.net",
        "userName": "rgoldenofirelandx",
        "occupation": "Civil Engineer",
        "department": "Product Management",
        "device": { "ip": "4.36.66.65", "mac": "25-FB-75-9C-C1-C6" }
      },
      {
        "id": "f18573f0-e46b-4aae-bc18-4b64f4f97b64",
        "firstName": "Cammie",
        "lastName": "MacMaykin",
        "email": "cmacmaykiny@businesswire.com",
        "userName": "cmacmaykiny",
        "occupation": "Database Administrator I",
        "department": "Support",
        "device": { "ip": "93.148.102.248", "mac": "03-0B-27-C3-90-CA" }
      }
    ]
  },
  {
    "name": "Yakitri",
    "stockSymbol": "LGND",
    "domain": "ed.gov",
    "apps": [
      {
        "id": "f9128c2a-418c-40b2-86b0-1d645fec26b4",
        "name": "Konklab",
        "currentVersion": "0.37",
        "url": "https://gravatar.com/pede/libero/quis/orci/nullam/molestie.jsp"
      },
      {
        "id": "5090633d-f1a4-434e-a8e7-255b84c626e1",
        "name": "Voyatouch",
        "currentVersion": "4.09",
        "url": "http://ehow.com/nibh/in/hac/habitasse/platea/dictumst/aliquam.js"
      }
    ],
    "employees": [
      {
        "id": "5e3eac81-7ef3-4271-9fa8-fe6aeb0b4346",
        "firstName": "Edvard",
        "lastName": "Halgarth",
        "email": "ehalgarthp@xinhuanet.com",
        "userName": "ehalgarthp",
        "occupation": "Professor",
        "department": "Services",
        "device": { "ip": "168.217.170.17", "mac": "B0-B2-B5-07-21-ED" }
      },
      {
        "id": "ea29865f-031d-40a9-a1cd-250843e825ed",
        "firstName": "Karlotta",
        "lastName": "Henbury",
        "email": "khenburyq@abc.net.au",
        "userName": "khenburyq",
        "occupation": "Financial Analyst",
        "department": "Research and Development",
        "device": { "ip": "204.242.204.125", "mac": "8B-57-5D-A2-62-7B" }
      },
      {
        "id": "f4d72d45-f383-4408-b0b4-6960c30d6c92",
        "firstName": "Drud",
        "lastName": "Aireton",
        "email": "dairetonr@pbs.org",
        "userName": "dairetonr",
        "occupation": "Senior Developer",
        "department": "Legal",
        "device": { "ip": "105.235.130.240", "mac": "95-29-87-F6-68-D6" }
      },
      {
        "id": "07233753-8510-4b7c-9529-8d82689e8cc8",
        "firstName": "Goldie",
        "lastName": "Warret",
        "email": "gwarrets@github.com",
        "userName": "gwarrets",
        "occupation": "VP Product Management",
        "department": "Business Development",
        "device": { "ip": "172.118.141.31", "mac": "82-15-01-38-15-AD" }
      },
      {
        "id": "21af952f-2309-4e51-94e0-24823560d49f",
        "firstName": "Garwin",
        "lastName": "Washtell",
        "email": "gwashtellt@skype.com",
        "userName": "gwashtellt",
        "occupation": "Assistant Professor",
        "department": "Marketing",
        "device": { "ip": "85.102.216.70", "mac": "42-D3-B2-E7-32-F9" }
      }
    ]
  },
  {
    "name": "Rooxo",
    "stockSymbol": "GBLI",
    "domain": "reddit.com",
    "apps": [
      {
        "id": "3c790f96-5eca-496d-8765-37e610b7748e",
        "name": "Keylex",
        "currentVersion": "5.1.8",
        "url": "http://engadget.com/purus/phasellus/in/felis.json"
      },
      {
        "id": "5167e027-81c6-4bf3-915f-e948df560fe7",
        "name": "Viva",
        "currentVersion": "0.98",
        "url": "https://prweb.com/justo/morbi/ut/odio/cras.json"
      }
    ],
    "employees": [
      {
        "id": "3651fcec-7ce2-4cd3-9720-c10982823b18",
        "firstName": "Melonie",
        "lastName": "Leatham",
        "email": "mleathamk@w3.org",
        "userName": "mleathamk",
        "occupation": "Analog Circuit Design manager",
        "department": "Support",
        "device": { "ip": "30.228.25.119", "mac": "38-2F-45-EB-D0-CC" }
      },
      {
        "id": "b03ed904-79ef-419d-9037-c5ea7f759d6f",
        "firstName": "Kristian",
        "lastName": "Goulthorp",
        "email": "kgoulthorpl@moonfruit.com",
        "userName": "kgoulthorpl",
        "occupation": "Engineer III",
        "department": "Business Development",
        "device": { "ip": "81.69.78.45", "mac": "32-23-AE-40-FE-72" }
      },
      {
        "id": "895346c4-31a8-432e-ba05-5bc4b9dad8f7",
        "firstName": "Huey",
        "lastName": "Benne",
        "email": "hbennem@engadget.com",
        "userName": "hbennem",
        "occupation": "Librarian",
        "department": "Sales",
        "device": { "ip": "196.94.182.16", "mac": "1B-EE-44-F4-F5-5F" }
      },
      {
        "id": "f9e953a2-e2d9-4bb2-b13e-4404a0da68e2",
        "firstName": "Nisse",
        "lastName": "Hartzenberg",
        "email": "nhartzenbergn@nymag.com",
        "userName": "nhartzenbergn",
        "occupation": "Mechanical Systems Engineer",
        "department": "Research and Development",
        "device": { "ip": "14.171.178.81", "mac": "E0-E2-56-1D-C8-6D" }
      },
      {
        "id": "5fad9927-1155-46a3-a7b3-0ee8d9c2ef7a",
        "firstName": "Andras",
        "lastName": "Yuryshev",
        "email": "ayuryshevo@hexun.com",
        "userName": "ayuryshevo",
        "occupation": "Food Chemist",
        "department": "Support",
        "device": { "ip": "226.248.247.224", "mac": "E8-9A-45-BF-EA-FB" }
      }
    ]
  },
  {
    "name": "Jabbercube",
    "stockSymbol": "IVR^A",
    "domain": "storify.com",
    "apps": [
      {
        "id": "416e97f7-364a-4903-a5ef-69bddc9e80a2",
        "name": "Tempsoft",
        "currentVersion": "0.56",
        "url": "https://tiny.cc/posuere/metus/vitae/ipsum.jpg"
      },
      {
        "id": "a48cb82b-2799-4e43-95e8-79c1675d7730",
        "name": "Voltsillam",
        "currentVersion": "0.12",
        "url": "http://live.com/libero/rutrum.jsp"
      }
    ],
    "employees": [
      {
        "id": "a4d29dec-f55e-4e1a-afb6-c775abfc164e",
        "firstName": "Rodger",
        "lastName": "Campaigne",
        "email": "rcampaignef@wufoo.com",
        "userName": "rcampaignef",
        "occupation": "Civil Engineer",
        "department": "Business Development",
        "device": { "ip": "151.97.56.246", "mac": "8D-06-00-C9-EB-89" }
      },
      {
        "id": "d1179118-9e4d-4229-bbc7-4916c97b6f2d",
        "firstName": "Ralf",
        "lastName": "Croyser",
        "email": "rcroyserg@reddit.com",
        "userName": "rcroyserg",
        "occupation": "Teacher",
        "department": "Support",
        "device": { "ip": "204.219.210.103", "mac": "DA-75-DD-5C-20-ED" }
      },
      {
        "id": "1b3d9438-8d64-480f-a6a4-a362b3fb4fd1",
        "firstName": "Fredrika",
        "lastName": "Hathorn",
        "email": "fhathornh@freewebs.com",
        "userName": "fhathornh",
        "occupation": "Legal Assistant",
        "department": "Product Management",
        "device": { "ip": "253.105.236.136", "mac": "E0-7A-A8-F8-DB-E4" }
      },
      {
        "id": "01a9828a-2de1-458a-b6fc-37b570fe4603",
        "firstName": "Brittan",
        "lastName": "Chong",
        "email": "bchongi@nymag.com",
        "userName": "bchongi",
        "occupation": "Assistant Professor",
        "department": "Human Resources",
        "device": { "ip": "165.72.137.229", "mac": "FE-BB-CE-41-29-10" }
      },
      {
        "id": "90c4bc97-cfd7-48e2-a4d5-ec6630cf0ebb",
        "firstName": "Darya",
        "lastName": "Deboick",
        "email": "ddeboickj@bloglovin.com",
        "userName": "ddeboickj",
        "occupation": "Nurse",
        "department": "Research and Development",
        "device": { "ip": "119.136.12.243", "mac": "D3-7F-35-45-24-7B" }
      }
    ]
  },
  {
    "name": "Lazzy",
    "stockSymbol": "APEI",
    "domain": "ovh.net",
    "apps": [
      {
        "id": "749ca665-9db3-4aca-ace9-3ec10dd8fedd",
        "name": "Y-Solowarm",
        "currentVersion": "6.4.9",
        "url": "https://noaa.gov/eget/rutrum/at/lorem.js"
      },
      {
        "id": "8d916f7a-f807-41f2-9330-2a648ef79409",
        "name": "Tin",
        "currentVersion": "0.42",
        "url": "http://friendfeed.com/curabitur/gravida/nisi/at/nibh/in/hac.jsp"
      }
    ],
    "employees": [
      {
        "id": "ae9973ad-1150-4859-abc4-fb53dc3c835c",
        "firstName": "Emyle",
        "lastName": "Freeman",
        "email": "efreemana@amazonaws.com",
        "userName": "efreemana",
        "occupation": "Account Coordinator",
        "department": "Sales",
        "device": { "ip": "17.148.222.15", "mac": "44-F6-92-BC-E8-AD" }
      },
      {
        "id": "8bf1ffa0-a3c9-4f3b-a4dc-bde36bc06b74",
        "firstName": "Aeriela",
        "lastName": "Fleisch",
        "email": "afleischb@sfgate.com",
        "userName": "afleischb",
        "occupation": "Analog Circuit Design manager",
        "department": "Legal",
        "device": { "ip": "104.44.108.156", "mac": "2D-FF-68-57-4C-B6" }
      },
      {
        "id": "7ae21139-93e8-4080-b06b-da236e6bed10",
        "firstName": "Lucretia",
        "lastName": "McClune",
        "email": "lmcclunec@businessinsider.com",
        "userName": "lmcclunec",
        "occupation": "Community Outreach Specialist",
        "department": "Support",
        "device": { "ip": "180.46.111.86", "mac": "AF-5C-09-6F-29-D3" }
      },
      {
        "id": "841301fd-282a-4cdf-a786-26201fe9c028",
        "firstName": "Jethro",
        "lastName": "Gelly",
        "email": "jgellyd@chicagotribune.com",
        "userName": "jgellyd",
        "occupation": "Nurse",
        "department": "Business Development",
        "device": { "ip": "191.5.17.97", "mac": "66-6F-94-38-6B-B9" }
      },
      {
        "id": "c948cbde-19ba-43b6-b54d-e441ae2ee17e",
        "firstName": "Jere",
        "lastName": "Milward",
        "email": "jmilwarde@hatena.ne.jp",
        "userName": "jmilwarde",
        "occupation": "Software Consultant",
        "department": "Engineering",
        "device": { "ip": "21.6.44.200", "mac": "75-60-0D-2B-CF-D8" }
      }
    ]
  },
  {
    "name": "Blognation",
    "stockSymbol": "SMBC",
    "domain": "digg.com",
    "apps": [
      {
        "id": "862682f0-2af7-4779-818d-f781882d01b7",
        "name": "Holdlamis",
        "currentVersion": "4.09",
        "url": "https://gmpg.org/mauris/laoreet/ut/rhoncus/aliquet/pulvinar/sed.xml"
      },
      {
        "id": "1fb4621a-f2e9-4991-a31b-7948bdbc4a55",
        "name": "Bitwolf",
        "currentVersion": "7.56",
        "url": "http://gizmodo.com/et/tempus/semper/est/quam/pharetra/magna.png"
      }
    ],
    "employees": [
      {
        "id": "b22c4896-f3d0-4565-b8b1-232cf4e418c6",
        "firstName": "Francklyn",
        "lastName": "Cohan",
        "email": "fcohan5@fema.gov",
        "userName": "fcohan5",
        "occupation": "Sales Associate",
        "department": "Training",
        "device": { "ip": "183.10.255.158", "mac": "14-CE-6D-77-49-41" }
      },
      {
        "id": "06461d76-5eab-4e25-9b57-6c0a041bf206",
        "firstName": "Cooper",
        "lastName": "Morphet",
        "email": "cmorphet6@blogger.com",
        "userName": "cmorphet6",
        "occupation": "Community Outreach Specialist",
        "department": "Engineering",
        "device": { "ip": "191.240.195.180", "mac": "36-D5-7D-1C-F3-06" }
      },
      {
        "id": "ca66fd30-3f6c-45f0-9db0-4862d28003e9",
        "firstName": "Malva",
        "lastName": "Bedbury",
        "email": "mbedbury7@sohu.com",
        "userName": "mbedbury7",
        "occupation": "Systems Administrator IV",
        "department": "Accounting",
        "device": { "ip": "165.23.253.202", "mac": "11-E4-7B-BE-17-9F" }
      },
      {
        "id": "9e328e87-3414-4276-ac18-4b43de1f9a1b",
        "firstName": "Meier",
        "lastName": "Pantecost",
        "email": "mpantecost8@weebly.com",
        "userName": "mpantecost8",
        "occupation": "Clinical Specialist",
        "department": "Human Resources",
        "device": { "ip": "131.142.126.59", "mac": "E9-8A-CA-0C-A3-15" }
      },
      {
        "id": "b4fb3eec-56bd-417b-bd5d-d4fbcde88658",
        "firstName": "Marielle",
        "lastName": "Wythill",
        "email": "mwythill9@vkontakte.ru",
        "userName": "mwythill9",
        "occupation": "Junior Executive",
        "department": "Human Resources",
        "device": { "ip": "69.81.92.23", "mac": "2B-FC-8D-69-1A-A5" }
      }
    ]
  },
  {
    "name": "Mymm",
    "stockSymbol": "NOVT",
    "domain": "ehow.com",
    "apps": [
      {
        "id": "aa9026c9-5253-4dce-b840-cf1f43b3b4c6",
        "name": "Bytecard",
        "currentVersion": "7.4",
        "url": "http://netlog.com/montes/nascetur/ridiculus.html"
      },
      {
        "id": "bdb513d0-870e-4908-821b-a90d22a45623",
        "name": "Fix San",
        "currentVersion": "0.2.9",
        "url": "https://engadget.com/curabitur.aspx"
      }
    ],
    "employees": [
      {
        "id": "1866de08-e421-4c6c-9530-4a7cb684e623",
        "firstName": "Oren",
        "lastName": "Alessandrucci",
        "email": "oalessandrucci0@vk.com",
        "userName": "oalessandrucci0",
        "occupation": "Actuary",
        "department": "Engineering",
        "device": { "ip": "181.15.157.125", "mac": "C6-95-C0-5D-2D-5D" }
      },
      {
        "id": "8b0938bb-4e37-4f7d-a6f3-b682ea127758",
        "firstName": "Ode",
        "lastName": "Smoote",
        "email": "osmoote1@howstuffworks.com",
        "userName": "osmoote1",
        "occupation": "Human Resources Assistant II",
        "department": "Training",
        "device": { "ip": "139.81.66.154", "mac": "D4-57-1D-0F-2F-F5" }
      },
      {
        "id": "b455ccb7-af7a-4fc8-80ce-1b82ebc6f013",
        "firstName": "Rhys",
        "lastName": "Kibard",
        "email": "rkibard2@mediafire.com",
        "userName": "rkibard2",
        "occupation": "Payment Adjustment Coordinator",
        "department": "Support",
        "device": { "ip": "32.244.196.42", "mac": "11-96-E6-38-2F-66" }
      },
      {
        "id": "df576170-677c-4df0-90fb-17a1f9a60cc8",
        "firstName": "Yoshiko",
        "lastName": "Gallanders",
        "email": "ygallanders3@kickstarter.com",
        "userName": "ygallanders3",
        "occupation": "Assistant Manager",
        "department": "Accounting",
        "device": { "ip": "254.174.107.140", "mac": "99-0F-DF-DF-84-38" }
      },
      {
        "id": "57b9a6d2-b667-41d6-9f0c-93da85aac8dd",
        "firstName": "Rayshell",
        "lastName": "Miell",
        "email": "rmiell4@sina.com.cn",
        "userName": "rmiell4",
        "occupation": "Executive Secretary",
        "department": "Sales",
        "device": { "ip": "60.140.108.248", "mac": "A5-A0-81-D1-57-C3" }
      }
    ]
  }
]
