<?xml version="1.0" encoding="UTF-8"?>
<dataset>
  <record>
    <number>3534209711412896</number>
    <type>jcb</type>
    <currency>IDR</currency>
    <balance>869291</balance>
  </record>
  <record>
    <number>5100142242503397</number>
    <type>mastercard</type>
    <currency>JMD</currency>
    <balance>859570</balance>
  </record>
  <record>
    <number>201864692413566</number>
    <type>diners-club-enroute</type>
    <currency>JPY</currency>
    <balance>590211</balance>
  </record>
  <record>
    <number>3584921748886749</number>
    <type>jcb</type>
    <currency>PHP</currency>
    <balance>795537</balance>
  </record>
  <record>
    <number>341839286387773</number>
    <type>americanexpress</type>
    <currency>CNY</currency>
    <balance>955584</balance>
  </record>
  <record>
    <number>5602259528561718</number>
    <type>bankcard</type>
    <currency>UAH</currency>
    <balance>767600</balance>
  </record>
  <record>
    <number>201817038436790</number>
    <type>diners-club-enroute</type>
    <currency>EUR</currency>
    <balance>785605</balance>
  </record>
  <record>
    <number>6763379725902865635</number>
    <type>maestro</type>
    <currency>IDR</currency>
    <balance>726985</balance>
  </record>
  <record>
    <number>4508392170284822</number>
    <type>visa-electron</type>
    <currency>BRL</currency>
    <balance>280219</balance>
  </record>
  <record>
    <number>5602259762492695</number>
    <type>bankcard</type>
    <currency>UZS</currency>
    <balance>860551</balance>
  </record>
  <record>
    <number>633451896041813851</number>
    <type>solo</type>
    <currency>EUR</currency>
    <balance>211635</balance>
  </record>
  <record>
    <number>4913762869875909</number>
    <type>visa-electron</type>
    <currency>UZS</currency>
    <balance>674719</balance>
  </record>
  <record>
    <number>6331109608865438</number>
    <type>switch</type>
    <currency>EUR</currency>
    <balance>471221</balance>
  </record>
  <record>
    <number>340373502131287</number>
    <type>americanexpress</type>
    <currency>ZAR</currency>
    <balance>320392</balance>
  </record>
  <record>
    <number>4844923028658271</number>
    <type>visa-electron</type>
    <currency>EUR</currency>
    <balance>507332</balance>
  </record>
  <record>
    <number>201715121595250</number>
    <type>diners-club-enroute</type>
    <currency>CNY</currency>
    <balance>324458</balance>
  </record>
  <record>
    <number>3540896313860480</number>
    <type>jcb</type>
    <currency>PEN</currency>
    <balance>335429</balance>
  </record>
  <record>
    <number>3589172179071154</number>
    <type>jcb</type>
    <currency>CUP</currency>
    <balance>77433</balance>
  </record>
  <record>
    <number>6706924167045850</number>
    <type>laser</type>
    <currency>MXN</currency>
    <balance>461172</balance>
  </record>
  <record>
    <number>676736341992568440</number>
    <type>solo</type>
    <currency>EUR</currency>
    <balance>744335</balance>
  </record>
  <record>
    <number>3536678934629007</number>
    <type>jcb</type>
    <currency>EUR</currency>
    <balance>346833</balance>
  </record>
  <record>
    <number>346296828992633</number>
    <type>americanexpress</type>
    <currency>SEK</currency>
    <balance>701369</balance>
  </record>
  <record>
    <number>5002353675402002</number>
    <type>mastercard</type>
    <currency>IDR</currency>
    <balance>468789</balance>
  </record>
  <record>
    <number>6398071512741974</number>
    <type>instapayment</type>
    <currency>BRL</currency>
    <balance>106845</balance>
  </record>
  <record>
    <number>3528842810747107</number>
    <type>jcb</type>
    <currency>HKD</currency>
    <balance>773592</balance>
  </record>
  <record>
    <number>3533691192100390</number>
    <type>jcb</type>
    <currency>CZK</currency>
    <balance>351090</balance>
  </record>
  <record>
    <number>5002355259050701</number>
    <type>mastercard</type>
    <currency>PHP</currency>
    <balance>261340</balance>
  </record>
  <record>
    <number>201892497034279</number>
    <type>diners-club-enroute</type>
    <currency>SEK</currency>
    <balance>22411</balance>
  </record>
  <record>
    <number>4911759706339711</number>
    <type>switch</type>
    <currency>EUR</currency>
    <balance>370751</balance>
  </record>
  <record>
    <number>3580386844262357</number>
    <type>jcb</type>
    <currency>MYR</currency>
    <balance>661910</balance>
  </record>
  <record>
    <number>3550573046268987</number>
    <type>jcb</type>
    <currency>IDR</currency>
    <balance>831829</balance>
  </record>
  <record>
    <number>201697292091261</number>
    <type>diners-club-enroute</type>
    <currency>SEK</currency>
    <balance>248640</balance>
  </record>
  <record>
    <number>3558321375327608</number>
    <type>jcb</type>
    <currency>MXN</currency>
    <balance>859606</balance>
  </record>
  <record>
    <number>3529634063462081</number>
    <type>jcb</type>
    <currency>GTQ</currency>
    <balance>937268</balance>
  </record>
  <record>
    <number>3583866248715875</number>
    <type>jcb</type>
    <currency>RUB</currency>
    <balance>985374</balance>
  </record>
  <record>
    <number>63041842156306387</number>
    <type>maestro</type>
    <currency>CAD</currency>
    <balance>175257</balance>
  </record>
  <record>
    <number>5038551749204595714</number>
    <type>maestro</type>
    <currency>IDR</currency>
    <balance>502337</balance>
  </record>
  <record>
    <number>3530769714740621</number>
    <type>jcb</type>
    <currency>XAF</currency>
    <balance>797848</balance>
  </record>
  <record>
    <number>3566391667054038</number>
    <type>jcb</type>
    <currency>EUR</currency>
    <balance>774398</balance>
  </record>
  <record>
    <number>3561402495690656</number>
    <type>jcb</type>
    <currency>ILS</currency>
    <balance>975735</balance>
  </record>
  <record>
    <number>3570972975540521</number>
    <type>jcb</type>
    <currency>IDR</currency>
    <balance>846907</balance>
  </record>
  <record>
    <number>56022192101392653</number>
    <type>china-unionpay</type>
    <currency>HTG</currency>
    <balance>73867</balance>
  </record>
  <record>
    <number>5610180410617444</number>
    <type>bankcard</type>
    <currency>NGN</currency>
    <balance>888280</balance>
  </record>
  <record>
    <number>3531180193640150</number>
    <type>jcb</type>
    <currency>CNY</currency>
    <balance>84343</balance>
  </record>
  <record>
    <number>3585815383255641</number>
    <type>jcb</type>
    <currency>RUB</currency>
    <balance>856373</balance>
  </record>
  <record>
    <number>6771812231135435740</number>
    <type>laser</type>
    <currency>GTQ</currency>
    <balance>110392</balance>
  </record>
  <record>
    <number>5002358393955025</number>
    <type>mastercard</type>
    <currency>IRR</currency>
    <balance>961295</balance>
  </record>
  <record>
    <number>30379809140579</number>
    <type>diners-club-carte-blanche</type>
    <currency>GTQ</currency>
    <balance>549924</balance>
  </record>
  <record>
    <number>5551414926705018</number>
    <type>mastercard</type>
    <currency>IDR</currency>
    <balance>54095</balance>
  </record>
  <record>
    <number>3582567122465519</number>
    <type>jcb</type>
    <currency>PHP</currency>
    <balance>211816</balance>
  </record>
</dataset>