<?xml version="1.0" encoding="UTF-8"?>
<?xml-stylesheet type="text/xsl" href="data.xsl"?>
<!--
<!DOCTYPE root [
    <!ELEMENT root (row+)>
    <!ELEMENT row (title,author+,year,price,category)>
    <!ELEMENT title (#PCDATA)>
    <!ELEMENT author (#PCDATA)>
    <!ELEMENT year (#PCDATA)>
    <!ELEMENT price (#PCDATA)>
    <!ELEMENT category (#PCDATA)>
]>
-->
<root>
    <row>
        <title>Everyday Italian</title>
        <author>Giada De Laurentiis</author>
        <year>2005</year>
        <price>30</price>
        <category>cooking</category>
    </row>
    <row>
        <title>Harry Potter</title>
        <author>J K. rowling</author>
        <year>2005</year>
        <price>29.99</price>
        <category>children</category>
    </row>
    <row>
        <title>XQuery Kick Start</title>
        <author>James McGovern</author>
        <author>Per Bothner</author>
        <author>Kurt Cagle</author>
        <author>James Linn</author>
        <author>Vaidyanathan Nagarajan</author>
        <year>2003</year>
        <price>49.99</price>
        <category>web</category>
    </row>
    <row>
        <title>Learning XML</title>
        <author>Erik T. Ray</author>
        <year>2005</year>
        <price>39.95</price>
        <category>web</category>
    </row>
</root>